[0.000000] (-) TimerEvent: {}
[0.000966] (marvelmind_ros2_msgs) JobQueued: {'identifier': 'marvelmind_ros2_msgs', 'dependencies': OrderedDict()}
[0.001840] (droneload) JobQueued: {'identifier': 'droneload', 'dependencies': OrderedDict({'marvelmind_ros2_msgs': '/home/hutalia/ROS2_Hutalia/ros2_ws/install/marvelmind_ros2_msgs'})}
[0.002367] (marvelmind_ros2) JobQueued: {'identifier': 'marvelmind_ros2', 'dependencies': OrderedDict({'marvelmind_ros2_msgs': '/home/hutalia/ROS2_Hutalia/ros2_ws/install/marvelmind_ros2_msgs'})}
[0.002895] (marvelmind_ros2_msgs) JobStarted: {'identifier': 'marvelmind_ros2_msgs'}
[0.041043] (marvelmind_ros2_msgs) JobProgress: {'identifier': 'marvelmind_ros2_msgs', 'progress': 'cmake'}
[0.043569] (marvelmind_ros2_msgs) Command: {'cmd': ['/usr/bin/cmake', '/home/hutalia/ROS2_Hutalia/ros2_ws/src/marvelmind_ros2_msgs_upstream', '-DAMENT_CMAKE_SYMLINK_INSTALL=1', '-DCMAKE_INSTALL_PREFIX=/home/hutalia/ROS2_Hutalia/ros2_ws/install/marvelmind_ros2_msgs'], 'cwd': '/home/hutalia/ROS2_Hutalia/ros2_ws/build/marvelmind_ros2_msgs', 'env': OrderedDict({'LESSOPEN': '| /usr/bin/lesspipe %s', 'USER': 'hutalia', 'SSH_CLIENT': '2a01:cb06:c011:eb78:e589:ea6c:aefc:5bd1 56475 22', 'XDG_SESSION_TYPE': 'tty', 'GIT_ASKPASS': '/home/hutalia/.vscode-server/cli/servers/Stable-8b640eef5a6c6089c029249d48efa5c99adf7d51/server/extensions/git/dist/askpass.sh', 'SHLVL': '1', 'LD_LIBRARY_PATH': '/opt/ros/jazzy/lib/aarch64-linux-gnu:/opt/ros/jazzy/lib', 'BROWSER': '/home/hutalia/.vscode-server/cli/servers/Stable-8b640eef5a6c6089c029249d48efa5c99adf7d51/server/bin/helpers/browser.sh', 'HOME': '/home/hutalia', 'OLDPWD': '/home/hutalia/ROS2_Hutalia/ros2_ws/src', 'TERM_PROGRAM_VERSION': '1.119.0', 'VSCODE_IPC_HOOK_CLI': '/run/user/1000/vscode-ipc-3fd95f3a-8a5c-4a75-9b42-b11f68cb7f34.sock', 'ROS_PYTHON_VERSION': '3', 'VSCODE_GIT_ASKPASS_MAIN': '/home/hutalia/.vscode-server/cli/servers/Stable-8b640eef5a6c6089c029249d48efa5c99adf7d51/server/extensions/git/dist/askpass-main.js', 'VSCODE_GIT_ASKPASS_NODE': '/home/hutalia/.vscode-server/cli/servers/Stable-8b640eef5a6c6089c029249d48efa5c99adf7d51/server/node', 'VSCODE_PYTHON_AUTOACTIVATE_GUARD': '1', 'DBUS_SESSION_BUS_ADDRESS': 'unix:path=/run/user/1000/bus', 'COLORTERM': 'truecolor', 'ROS_DISTRO': 'jazzy', 'LOGNAME': 'hutalia', '_': '/usr/bin/colcon', 'ROS_VERSION': '2', 'XDG_SESSION_CLASS': 'user', 'TERM': 'xterm-256color', 'XDG_SESSION_ID': '17', 'PATH': '/home/hutalia/.vscode-server/data/User/globalStorage/github.copilot-chat/debugCommand:/home/hutalia/.vscode-server/data/User/globalStorage/github.copilot-chat/copilotCli:/home/hutalia/.vscode-server/cli/servers/Stable-8b640eef5a6c6089c029249d48efa5c99adf7d51/server/bin/remote-cli:/home/hutalia/.local/bin:/opt/ros/jazzy/bin:/usr/local/sbin:/usr/local/bin:/usr/sbin:/usr/bin:/sbin:/bin:/usr/games:/usr/local/games:/snap/bin', 'XDG_RUNTIME_DIR': '/run/user/1000', 'LANG': 'C.UTF-8', 'LS_COLORS': 'rs=0:di=01;34:ln=01;36:mh=00:pi=40;33:so=01;35:do=01;35:bd=40;33;01:cd=40;33;01:or=40;31;01:mi=00:su=37;41:sg=30;43:ca=00:tw=30;42:ow=34;42:st=37;44:ex=01;32:*.tar=01;31:*.tgz=01;31:*.arc=01;31:*.arj=01;31:*.taz=01;31:*.lha=01;31:*.lz4=01;31:*.lzh=01;31:*.lzma=01;31:*.tlz=01;31:*.txz=01;31:*.tzo=01;31:*.t7z=01;31:*.zip=01;31:*.z=01;31:*.dz=01;31:*.gz=01;31:*.lrz=01;31:*.lz=01;31:*.lzo=01;31:*.xz=01;31:*.zst=01;31:*.tzst=01;31:*.bz2=01;31:*.bz=01;31:*.tbz=01;31:*.tbz2=01;31:*.tz=01;31:*.deb=01;31:*.rpm=01;31:*.jar=01;31:*.war=01;31:*.ear=01;31:*.sar=01;31:*.rar=01;31:*.alz=01;31:*.ace=01;31:*.zoo=01;31:*.cpio=01;31:*.7z=01;31:*.rz=01;31:*.cab=01;31:*.wim=01;31:*.swm=01;31:*.dwm=01;31:*.esd=01;31:*.avif=01;35:*.jpg=01;35:*.jpeg=01;35:*.mjpg=01;35:*.mjpeg=01;35:*.gif=01;35:*.bmp=01;35:*.pbm=01;35:*.pgm=01;35:*.ppm=01;35:*.tga=01;35:*.xbm=01;35:*.xpm=01;35:*.tif=01;35:*.tiff=01;35:*.png=01;35:*.svg=01;35:*.svgz=01;35:*.mng=01;35:*.pcx=01;35:*.mov=01;35:*.mpg=01;35:*.mpeg=01;35:*.m2v=01;35:*.mkv=01;35:*.webm=01;35:*.webp=01;35:*.ogm=01;35:*.mp4=01;35:*.m4v=01;35:*.mp4v=01;35:*.vob=01;35:*.qt=01;35:*.nuv=01;35:*.wmv=01;35:*.asf=01;35:*.rm=01;35:*.rmvb=01;35:*.flc=01;35:*.avi=01;35:*.fli=01;35:*.flv=01;35:*.gl=01;35:*.dl=01;35:*.xcf=01;35:*.xwd=01;35:*.yuv=01;35:*.cgm=01;35:*.emf=01;35:*.ogv=01;35:*.ogx=01;35:*.aac=00;36:*.au=00;36:*.flac=00;36:*.m4a=00;36:*.mid=00;36:*.midi=00;36:*.mka=00;36:*.mp3=00;36:*.mpc=00;36:*.ogg=00;36:*.ra=00;36:*.wav=00;36:*.oga=00;36:*.opus=00;36:*.spx=00;36:*.xspf=00;36:*~=00;90:*#=00;90:*.bak=00;90:*.crdownload=00;90:*.dpkg-dist=00;90:*.dpkg-new=00;90:*.dpkg-old=00;90:*.dpkg-tmp=00;90:*.old=00;90:*.orig=00;90:*.part=00;90:*.rej=00;90:*.rpmnew=00;90:*.rpmorig=00;90:*.rpmsave=00;90:*.swp=00;90:*.tmp=00;90:*.ucf-dist=00;90:*.ucf-new=00;90:*.ucf-old=00;90:', 'VSCODE_GIT_IPC_HANDLE': '/run/user/1000/vscode-git-539e04a5ba.sock', 'TERM_PROGRAM': 'vscode', 'AMENT_PREFIX_PATH': '/opt/ros/jazzy', 'SHELL': '/bin/bash', 'LESSCLOSE': '/usr/bin/lesspipe %s %s', 'ROS_AUTOMATIC_DISCOVERY_RANGE': 'SUBNET', 'VSCODE_GIT_ASKPASS_EXTRA_ARGS': '', 'PWD': '/home/hutalia/ROS2_Hutalia/ros2_ws/build/marvelmind_ros2_msgs', 'SSH_CONNECTION': '2a01:cb06:c011:eb78:e589:ea6c:aefc:5bd1 56475 2a01:cb06:c011:eb78:da3a:ddff:fe16:54b3 22', 'XDG_DATA_DIRS': '/usr/local/share:/usr/share:/var/lib/snapd/desktop', 'PYTHONPATH': '/opt/ros/jazzy/lib/python3.12/site-packages', 'COLCON': '1', 'CMAKE_PREFIX_PATH': '/opt/ros/jazzy'}), 'shell': False}
[0.099269] (-) TimerEvent: {}
[0.200165] (-) TimerEvent: {}
[0.301255] (-) TimerEvent: {}
[0.402224] (-) TimerEvent: {}
[0.503084] (-) TimerEvent: {}
[0.603934] (-) TimerEvent: {}
[0.704879] (-) TimerEvent: {}
[0.805863] (-) TimerEvent: {}
[0.907106] (-) TimerEvent: {}
[1.008035] (-) TimerEvent: {}
[1.109192] (-) TimerEvent: {}
[1.210254] (-) TimerEvent: {}
[1.311037] (-) TimerEvent: {}
[1.411857] (-) TimerEvent: {}
[1.462870] (marvelmind_ros2_msgs) StdoutLine: {'line': b'-- The C compiler identification is GNU 13.3.0\n'}
[1.512042] (-) TimerEvent: {}
[1.612828] (-) TimerEvent: {}
[1.713817] (-) TimerEvent: {}
[1.814750] (-) TimerEvent: {}
[1.915939] (-) TimerEvent: {}
[2.017107] (-) TimerEvent: {}
[2.117994] (-) TimerEvent: {}
[2.219141] (-) TimerEvent: {}
[2.319922] (-) TimerEvent: {}
[2.330246] (marvelmind_ros2_msgs) StdoutLine: {'line': b'-- The CXX compiler identification is GNU 13.3.0\n'}
[2.420152] (-) TimerEvent: {}
[2.441564] (marvelmind_ros2_msgs) StdoutLine: {'line': b'-- Detecting C compiler ABI info\n'}
[2.520358] (-) TimerEvent: {}
[2.621150] (-) TimerEvent: {}
[2.721973] (-) TimerEvent: {}
[2.822915] (-) TimerEvent: {}
[2.923798] (-) TimerEvent: {}
[2.988525] (marvelmind_ros2_msgs) StdoutLine: {'line': b'-- Detecting C compiler ABI info - done\n'}
[3.023971] (-) TimerEvent: {}
[3.024625] (marvelmind_ros2_msgs) StdoutLine: {'line': b'-- Check for working C compiler: /usr/bin/cc - skipped\n'}
[3.026806] (marvelmind_ros2_msgs) StdoutLine: {'line': b'-- Detecting C compile features\n'}
[3.029131] (marvelmind_ros2_msgs) StdoutLine: {'line': b'-- Detecting C compile features - done\n'}
[3.083521] (marvelmind_ros2_msgs) StdoutLine: {'line': b'-- Detecting CXX compiler ABI info\n'}
[3.124196] (-) TimerEvent: {}
[3.224877] (-) TimerEvent: {}
[3.325657] (-) TimerEvent: {}
[3.426417] (-) TimerEvent: {}
[3.527247] (-) TimerEvent: {}
[3.613495] (marvelmind_ros2_msgs) StdoutLine: {'line': b'-- Detecting CXX compiler ABI info - done\n'}
[3.627423] (-) TimerEvent: {}
[3.651377] (marvelmind_ros2_msgs) StdoutLine: {'line': b'-- Check for working CXX compiler: /usr/bin/c++ - skipped\n'}
[3.652558] (marvelmind_ros2_msgs) StdoutLine: {'line': b'-- Detecting CXX compile features\n'}
[3.654424] (marvelmind_ros2_msgs) StdoutLine: {'line': b'-- Detecting CXX compile features - done\n'}
[3.704772] (marvelmind_ros2_msgs) StdoutLine: {'line': b'-- Found ament_cmake: 2.5.6 (/opt/ros/jazzy/share/ament_cmake/cmake)\n'}
[3.727593] (-) TimerEvent: {}
[3.828318] (-) TimerEvent: {}
[3.929231] (-) TimerEvent: {}
[4.030085] (-) TimerEvent: {}
[4.130789] (-) TimerEvent: {}
[4.231598] (-) TimerEvent: {}
[4.332358] (-) TimerEvent: {}
[4.433253] (-) TimerEvent: {}
[4.445266] (marvelmind_ros2_msgs) StdoutLine: {'line': b'-- Found Python3: /usr/bin/python3 (found version "3.12.3") found components: Interpreter \n'}
[4.533428] (-) TimerEvent: {}
[4.634110] (-) TimerEvent: {}
[4.734740] (-) TimerEvent: {}
[4.835577] (-) TimerEvent: {}
[4.838443] (marvelmind_ros2_msgs) StdoutLine: {'line': b'-- Override CMake install command with custom implementation using symlinks instead of copying resources\n'}
[4.935798] (-) TimerEvent: {}
[5.036672] (-) TimerEvent: {}
[5.137391] (-) TimerEvent: {}
[5.177660] (marvelmind_ros2_msgs) StdoutLine: {'line': b'-- Found rosidl_default_generators: 1.6.0 (/opt/ros/jazzy/share/rosidl_default_generators/cmake)\n'}
[5.234379] (marvelmind_ros2_msgs) StdoutLine: {'line': b'-- Using all available rosidl_typesupport_c: rosidl_typesupport_fastrtps_c;rosidl_typesupport_introspection_c\n'}
[5.237545] (-) TimerEvent: {}
[5.338268] (-) TimerEvent: {}
[5.439000] (-) TimerEvent: {}
[5.540302] (-) TimerEvent: {}
[5.641468] (-) TimerEvent: {}
[5.718271] (marvelmind_ros2_msgs) StdoutLine: {'line': b'-- Using all available rosidl_typesupport_cpp: rosidl_typesupport_fastrtps_cpp;rosidl_typesupport_introspection_cpp\n'}
[5.741766] (-) TimerEvent: {}
[5.843857] (-) TimerEvent: {}
[5.944541] (-) TimerEvent: {}
[6.045316] (-) TimerEvent: {}
[6.102329] (marvelmind_ros2_msgs) StdoutLine: {'line': b'-- Found rosidl_adapter: 4.6.7 (/opt/ros/jazzy/share/rosidl_adapter/cmake)\n'}
[6.135657] (marvelmind_ros2_msgs) StdoutLine: {'line': b'-- Found std_msgs: 5.3.7 (/opt/ros/jazzy/share/std_msgs/cmake)\n'}
[6.145490] (-) TimerEvent: {}
[6.246186] (-) TimerEvent: {}
[6.346952] (-) TimerEvent: {}
[6.366437] (marvelmind_ros2_msgs) StdoutLine: {'line': b'-- Found geometry_msgs: 5.3.7 (/opt/ros/jazzy/share/geometry_msgs/cmake)\n'}
[6.447189] (-) TimerEvent: {}
[6.547872] (-) TimerEvent: {}
[6.648644] (-) TimerEvent: {}
[6.749507] (-) TimerEvent: {}
[6.850112] (-) TimerEvent: {}
[6.950724] (-) TimerEvent: {}
[7.051456] (-) TimerEvent: {}
[7.152196] (-) TimerEvent: {}
[7.252926] (-) TimerEvent: {}
[7.353573] (-) TimerEvent: {}
[7.454256] (-) TimerEvent: {}
[7.554838] (-) TimerEvent: {}
[7.655544] (-) TimerEvent: {}
[7.756324] (-) TimerEvent: {}
[7.856963] (-) TimerEvent: {}
[7.957705] (-) TimerEvent: {}
[8.058683] (-) TimerEvent: {}
[8.159555] (-) TimerEvent: {}
[8.260337] (-) TimerEvent: {}
[8.361366] (-) TimerEvent: {}
[8.462116] (-) TimerEvent: {}
[8.562769] (-) TimerEvent: {}
[8.663442] (-) TimerEvent: {}
[8.764140] (-) TimerEvent: {}
[8.864773] (-) TimerEvent: {}
[8.965629] (-) TimerEvent: {}
[9.066297] (-) TimerEvent: {}
[9.166943] (-) TimerEvent: {}
[9.267748] (-) TimerEvent: {}
[9.368502] (-) TimerEvent: {}
[9.469308] (-) TimerEvent: {}
[9.570188] (-) TimerEvent: {}
[9.671247] (-) TimerEvent: {}
[9.772282] (-) TimerEvent: {}
[9.849604] (marvelmind_ros2_msgs) StdoutLine: {'line': b'-- Found ament_cmake_ros: 0.12.0 (/opt/ros/jazzy/share/ament_cmake_ros/cmake)\n'}
[9.872480] (-) TimerEvent: {}
[9.973195] (-) TimerEvent: {}
[10.073844] (-) TimerEvent: {}
[10.174518] (-) TimerEvent: {}
[10.275182] (-) TimerEvent: {}
[10.375896] (-) TimerEvent: {}
[10.476763] (-) TimerEvent: {}
[10.577590] (-) TimerEvent: {}
[10.678396] (-) TimerEvent: {}
[10.779085] (-) TimerEvent: {}
[10.879736] (-) TimerEvent: {}
[10.980423] (-) TimerEvent: {}
[11.081251] (-) TimerEvent: {}
[11.182540] (-) TimerEvent: {}
[11.285382] (-) TimerEvent: {}
[11.386699] (-) TimerEvent: {}
[11.487457] (-) TimerEvent: {}
[11.588180] (-) TimerEvent: {}
[11.688889] (-) TimerEvent: {}
[11.790039] (-) TimerEvent: {}
[11.891337] (-) TimerEvent: {}
[11.992253] (-) TimerEvent: {}
[12.093965] (-) TimerEvent: {}
[12.195136] (-) TimerEvent: {}
[12.296199] (-) TimerEvent: {}
[12.396841] (-) TimerEvent: {}
[12.497522] (-) TimerEvent: {}
[12.591418] (marvelmind_ros2_msgs) StdoutLine: {'line': b'-- Using all available rosidl_typesupport_c: rosidl_typesupport_fastrtps_c;rosidl_typesupport_introspection_c\n'}
[12.597710] (-) TimerEvent: {}
[12.698418] (-) TimerEvent: {}
[12.799234] (-) TimerEvent: {}
[12.900039] (-) TimerEvent: {}
[13.000881] (-) TimerEvent: {}
[13.101697] (-) TimerEvent: {}
[13.202555] (-) TimerEvent: {}
[13.303371] (-) TimerEvent: {}
[13.404178] (-) TimerEvent: {}
[13.505033] (-) TimerEvent: {}
[13.605733] (-) TimerEvent: {}
[13.706468] (-) TimerEvent: {}
[13.807304] (-) TimerEvent: {}
[13.908735] (-) TimerEvent: {}
[14.009850] (-) TimerEvent: {}
[14.110956] (-) TimerEvent: {}
[14.211831] (-) TimerEvent: {}
[14.312544] (-) TimerEvent: {}
[14.413196] (-) TimerEvent: {}
[14.513807] (-) TimerEvent: {}
[14.614506] (-) TimerEvent: {}
[14.715181] (-) TimerEvent: {}
[14.815801] (-) TimerEvent: {}
[14.916472] (-) TimerEvent: {}
[15.017097] (-) TimerEvent: {}
[15.117752] (-) TimerEvent: {}
[15.218424] (-) TimerEvent: {}
[15.319039] (-) TimerEvent: {}
[15.419652] (-) TimerEvent: {}
[15.520300] (-) TimerEvent: {}
[15.620931] (-) TimerEvent: {}
[15.721637] (-) TimerEvent: {}
[15.858183] (-) TimerEvent: {}
[15.917246] (marvelmind_ros2_msgs) StdoutLine: {'line': b'-- Using all available rosidl_typesupport_cpp: rosidl_typesupport_fastrtps_cpp;rosidl_typesupport_introspection_cpp\n'}
[15.942386] (marvelmind_ros2_msgs) StdoutLine: {'line': b'-- Found python_cmake_module: 0.11.1 (/opt/ros/jazzy/share/python_cmake_module/cmake)\n'}
[15.958415] (-) TimerEvent: {}
[16.059210] (-) TimerEvent: {}
[16.159932] (-) TimerEvent: {}
[16.260808] (-) TimerEvent: {}
[16.361890] (-) TimerEvent: {}
[16.462592] (-) TimerEvent: {}
[16.563197] (-) TimerEvent: {}
[16.617506] (marvelmind_ros2_msgs) StdoutLine: {'line': b'-- Found PythonExtra: /usr/bin/python3  \n'}
[16.663397] (-) TimerEvent: {}
[16.764087] (-) TimerEvent: {}
[16.864848] (-) TimerEvent: {}
[16.965702] (-) TimerEvent: {}
[17.066591] (-) TimerEvent: {}
[17.167442] (-) TimerEvent: {}
[17.268331] (-) TimerEvent: {}
[17.369196] (-) TimerEvent: {}
[17.470126] (-) TimerEvent: {}
[17.570833] (-) TimerEvent: {}
[17.671719] (-) TimerEvent: {}
[17.772896] (-) TimerEvent: {}
[17.873665] (-) TimerEvent: {}
[17.975208] (-) TimerEvent: {}
[18.075914] (-) TimerEvent: {}
[18.176801] (-) TimerEvent: {}
[18.277902] (-) TimerEvent: {}
[18.379428] (-) TimerEvent: {}
[18.480210] (-) TimerEvent: {}
[18.583448] (-) TimerEvent: {}
[18.684508] (-) TimerEvent: {}
[18.780514] (marvelmind_ros2_msgs) StdoutLine: {'line': b'-- Found Python3: /usr/bin/python3 (found version "3.12.3") found components: Interpreter Development NumPy Development.Module Development.Embed \n'}
[18.784759] (-) TimerEvent: {}
[18.885651] (-) TimerEvent: {}
[18.986415] (-) TimerEvent: {}
[19.087100] (-) TimerEvent: {}
[19.187757] (-) TimerEvent: {}
[19.288510] (-) TimerEvent: {}
[19.378648] (marvelmind_ros2_msgs) StdoutLine: {'line': b'-- Found Python3: /usr/bin/python3 (found version "3.12.3") found components: Interpreter \n'}
[19.388698] (-) TimerEvent: {}
[19.488727] (marvelmind_ros2_msgs) StdoutLine: {'line': b'-- Configuring done (19.2s)\n'}
[19.489528] (-) TimerEvent: {}
[19.590099] (-) TimerEvent: {}
[19.690699] (-) TimerEvent: {}
[19.791432] (-) TimerEvent: {}
[19.868952] (marvelmind_ros2_msgs) StdoutLine: {'line': b'-- Generating done (0.3s)\n'}
[19.891632] (-) TimerEvent: {}
[19.938736] (marvelmind_ros2_msgs) StdoutLine: {'line': b'-- Build files have been written to: /home/hutalia/ROS2_Hutalia/ros2_ws/build/marvelmind_ros2_msgs\n'}
[19.987392] (marvelmind_ros2_msgs) CommandEnded: {'returncode': 0}
[19.989159] (marvelmind_ros2_msgs) JobProgress: {'identifier': 'marvelmind_ros2_msgs', 'progress': 'build'}
[19.991199] (marvelmind_ros2_msgs) Command: {'cmd': ['/usr/bin/cmake', '--build', '/home/hutalia/ROS2_Hutalia/ros2_ws/build/marvelmind_ros2_msgs', '--', '-j4', '-l4'], 'cwd': '/home/hutalia/ROS2_Hutalia/ros2_ws/build/marvelmind_ros2_msgs', 'env': OrderedDict({'LESSOPEN': '| /usr/bin/lesspipe %s', 'USER': 'hutalia', 'SSH_CLIENT': '2a01:cb06:c011:eb78:e589:ea6c:aefc:5bd1 56475 22', 'XDG_SESSION_TYPE': 'tty', 'GIT_ASKPASS': '/home/hutalia/.vscode-server/cli/servers/Stable-8b640eef5a6c6089c029249d48efa5c99adf7d51/server/extensions/git/dist/askpass.sh', 'SHLVL': '1', 'LD_LIBRARY_PATH': '/opt/ros/jazzy/lib/aarch64-linux-gnu:/opt/ros/jazzy/lib', 'BROWSER': '/home/hutalia/.vscode-server/cli/servers/Stable-8b640eef5a6c6089c029249d48efa5c99adf7d51/server/bin/helpers/browser.sh', 'HOME': '/home/hutalia', 'OLDPWD': '/home/hutalia/ROS2_Hutalia/ros2_ws/src', 'TERM_PROGRAM_VERSION': '1.119.0', 'VSCODE_IPC_HOOK_CLI': '/run/user/1000/vscode-ipc-3fd95f3a-8a5c-4a75-9b42-b11f68cb7f34.sock', 'ROS_PYTHON_VERSION': '3', 'VSCODE_GIT_ASKPASS_MAIN': '/home/hutalia/.vscode-server/cli/servers/Stable-8b640eef5a6c6089c029249d48efa5c99adf7d51/server/extensions/git/dist/askpass-main.js', 'VSCODE_GIT_ASKPASS_NODE': '/home/hutalia/.vscode-server/cli/servers/Stable-8b640eef5a6c6089c029249d48efa5c99adf7d51/server/node', 'VSCODE_PYTHON_AUTOACTIVATE_GUARD': '1', 'DBUS_SESSION_BUS_ADDRESS': 'unix:path=/run/user/1000/bus', 'COLORTERM': 'truecolor', 'ROS_DISTRO': 'jazzy', 'LOGNAME': 'hutalia', '_': '/usr/bin/colcon', 'ROS_VERSION': '2', 'XDG_SESSION_CLASS': 'user', 'TERM': 'xterm-256color', 'XDG_SESSION_ID': '17', 'PATH': '/home/hutalia/.vscode-server/data/User/globalStorage/github.copilot-chat/debugCommand:/home/hutalia/.vscode-server/data/User/globalStorage/github.copilot-chat/copilotCli:/home/hutalia/.vscode-server/cli/servers/Stable-8b640eef5a6c6089c029249d48efa5c99adf7d51/server/bin/remote-cli:/home/hutalia/.local/bin:/opt/ros/jazzy/bin:/usr/local/sbin:/usr/local/bin:/usr/sbin:/usr/bin:/sbin:/bin:/usr/games:/usr/local/games:/snap/bin', 'XDG_RUNTIME_DIR': '/run/user/1000', 'LANG': 'C.UTF-8', 'LS_COLORS': 'rs=0:di=01;34:ln=01;36:mh=00:pi=40;33:so=01;35:do=01;35:bd=40;33;01:cd=40;33;01:or=40;31;01:mi=00:su=37;41:sg=30;43:ca=00:tw=30;42:ow=34;42:st=37;44:ex=01;32:*.tar=01;31:*.tgz=01;31:*.arc=01;31:*.arj=01;31:*.taz=01;31:*.lha=01;31:*.lz4=01;31:*.lzh=01;31:*.lzma=01;31:*.tlz=01;31:*.txz=01;31:*.tzo=01;31:*.t7z=01;31:*.zip=01;31:*.z=01;31:*.dz=01;31:*.gz=01;31:*.lrz=01;31:*.lz=01;31:*.lzo=01;31:*.xz=01;31:*.zst=01;31:*.tzst=01;31:*.bz2=01;31:*.bz=01;31:*.tbz=01;31:*.tbz2=01;31:*.tz=01;31:*.deb=01;31:*.rpm=01;31:*.jar=01;31:*.war=01;31:*.ear=01;31:*.sar=01;31:*.rar=01;31:*.alz=01;31:*.ace=01;31:*.zoo=01;31:*.cpio=01;31:*.7z=01;31:*.rz=01;31:*.cab=01;31:*.wim=01;31:*.swm=01;31:*.dwm=01;31:*.esd=01;31:*.avif=01;35:*.jpg=01;35:*.jpeg=01;35:*.mjpg=01;35:*.mjpeg=01;35:*.gif=01;35:*.bmp=01;35:*.pbm=01;35:*.pgm=01;35:*.ppm=01;35:*.tga=01;35:*.xbm=01;35:*.xpm=01;35:*.tif=01;35:*.tiff=01;35:*.png=01;35:*.svg=01;35:*.svgz=01;35:*.mng=01;35:*.pcx=01;35:*.mov=01;35:*.mpg=01;35:*.mpeg=01;35:*.m2v=01;35:*.mkv=01;35:*.webm=01;35:*.webp=01;35:*.ogm=01;35:*.mp4=01;35:*.m4v=01;35:*.mp4v=01;35:*.vob=01;35:*.qt=01;35:*.nuv=01;35:*.wmv=01;35:*.asf=01;35:*.rm=01;35:*.rmvb=01;35:*.flc=01;35:*.avi=01;35:*.fli=01;35:*.flv=01;35:*.gl=01;35:*.dl=01;35:*.xcf=01;35:*.xwd=01;35:*.yuv=01;35:*.cgm=01;35:*.emf=01;35:*.ogv=01;35:*.ogx=01;35:*.aac=00;36:*.au=00;36:*.flac=00;36:*.m4a=00;36:*.mid=00;36:*.midi=00;36:*.mka=00;36:*.mp3=00;36:*.mpc=00;36:*.ogg=00;36:*.ra=00;36:*.wav=00;36:*.oga=00;36:*.opus=00;36:*.spx=00;36:*.xspf=00;36:*~=00;90:*#=00;90:*.bak=00;90:*.crdownload=00;90:*.dpkg-dist=00;90:*.dpkg-new=00;90:*.dpkg-old=00;90:*.dpkg-tmp=00;90:*.old=00;90:*.orig=00;90:*.part=00;90:*.rej=00;90:*.rpmnew=00;90:*.rpmorig=00;90:*.rpmsave=00;90:*.swp=00;90:*.tmp=00;90:*.ucf-dist=00;90:*.ucf-new=00;90:*.ucf-old=00;90:', 'VSCODE_GIT_IPC_HANDLE': '/run/user/1000/vscode-git-539e04a5ba.sock', 'TERM_PROGRAM': 'vscode', 'AMENT_PREFIX_PATH': '/opt/ros/jazzy', 'SHELL': '/bin/bash', 'LESSCLOSE': '/usr/bin/lesspipe %s %s', 'ROS_AUTOMATIC_DISCOVERY_RANGE': 'SUBNET', 'VSCODE_GIT_ASKPASS_EXTRA_ARGS': '', 'PWD': '/home/hutalia/ROS2_Hutalia/ros2_ws/build/marvelmind_ros2_msgs', 'SSH_CONNECTION': '2a01:cb06:c011:eb78:e589:ea6c:aefc:5bd1 56475 2a01:cb06:c011:eb78:da3a:ddff:fe16:54b3 22', 'XDG_DATA_DIRS': '/usr/local/share:/usr/share:/var/lib/snapd/desktop', 'PYTHONPATH': '/opt/ros/jazzy/lib/python3.12/site-packages', 'COLCON': '1', 'CMAKE_PREFIX_PATH': '/opt/ros/jazzy'}), 'shell': False}
[19.995002] (-) TimerEvent: {}
[20.095622] (-) TimerEvent: {}
[20.198285] (-) TimerEvent: {}
[20.299228] (-) TimerEvent: {}
[20.332375] (marvelmind_ros2_msgs) StdoutLine: {'line': b'[  0%] \x1b[34m\x1b[1mGenerating Rust code for ROS interfaces\x1b[0m\n'}
[20.357296] (marvelmind_ros2_msgs) StdoutLine: {'line': b'[  1%] \x1b[34m\x1b[1mGenerating type hashes for ROS interfaces\x1b[0m\n'}
[20.377237] (marvelmind_ros2_msgs) StdoutLine: {'line': b'[  1%] Built target ament_cmake_python_symlink_marvelmind_ros2_msgs\n'}
[20.399429] (-) TimerEvent: {}
[20.503230] (-) TimerEvent: {}
[20.603981] (-) TimerEvent: {}
[20.704734] (-) TimerEvent: {}
[20.808866] (-) TimerEvent: {}
[20.909622] (-) TimerEvent: {}
[21.012205] (-) TimerEvent: {}
[21.112866] (-) TimerEvent: {}
[21.216181] (-) TimerEvent: {}
[21.316786] (-) TimerEvent: {}
[21.418214] (-) TimerEvent: {}
[21.520225] (-) TimerEvent: {}
[21.611286] (marvelmind_ros2_msgs) StdoutLine: {'line': b'running egg_info\n'}
[21.617183] (marvelmind_ros2_msgs) StdoutLine: {'line': b'creating marvelmind_ros2_msgs.egg-info\n'}
[21.620397] (-) TimerEvent: {}
[21.723484] (-) TimerEvent: {}
[21.729721] (marvelmind_ros2_msgs) StdoutLine: {'line': b'writing marvelmind_ros2_msgs.egg-info/PKG-INFO\n'}
[21.731880] (marvelmind_ros2_msgs) StdoutLine: {'line': b'writing dependency_links to marvelmind_ros2_msgs.egg-info/dependency_links.txt\n'}
[21.733426] (marvelmind_ros2_msgs) StdoutLine: {'line': b'writing top-level names to marvelmind_ros2_msgs.egg-info/top_level.txt\n'}
[21.735296] (marvelmind_ros2_msgs) StdoutLine: {'line': b"writing manifest file 'marvelmind_ros2_msgs.egg-info/SOURCES.txt'\n"}
[21.823670] (-) TimerEvent: {}
[21.925172] (-) TimerEvent: {}
[22.026249] (-) TimerEvent: {}
[22.127484] (marvelmind_ros2_msgs) StdoutLine: {'line': b"reading manifest file 'marvelmind_ros2_msgs.egg-info/SOURCES.txt'\n"}
[22.130918] (-) TimerEvent: {}
[22.136359] (marvelmind_ros2_msgs) StdoutLine: {'line': b"writing manifest file 'marvelmind_ros2_msgs.egg-info/SOURCES.txt'\n"}
[22.231207] (-) TimerEvent: {}
[22.334795] (-) TimerEvent: {}
[22.349472] (marvelmind_ros2_msgs) StdoutLine: {'line': b'[  1%] Built target ament_cmake_python_build_marvelmind_ros2_msgs_egg\n'}
[22.434974] (-) TimerEvent: {}
[22.475492] (marvelmind_ros2_msgs) StdoutLine: {'line': b'[  1%] Built target marvelmind_ros2_msgs__rosidl_generator_type_description\n'}
[22.535363] (-) TimerEvent: {}
[22.571508] (marvelmind_ros2_msgs) StdoutLine: {'line': b'[  2%] \x1b[34m\x1b[1mGenerating C code for ROS interfaces\x1b[0m\n'}
[22.634310] (marvelmind_ros2_msgs) StdoutLine: {'line': b'[  2%] \x1b[34m\x1b[1mGenerating C++ code for ROS interfaces\x1b[0m\n'}
[22.635614] (-) TimerEvent: {}
[22.738559] (-) TimerEvent: {}
[22.782862] (marvelmind_ros2_msgs) StdoutLine: {'line': b'[  2%] Built target marvelmind_ros2_msgs__rs\n'}
[22.838728] (-) TimerEvent: {}
[22.939595] (-) TimerEvent: {}
[23.040284] (-) TimerEvent: {}
[23.141124] (-) TimerEvent: {}
[23.241866] (-) TimerEvent: {}
[23.342572] (-) TimerEvent: {}
[23.443225] (-) TimerEvent: {}
[23.543890] (-) TimerEvent: {}
[23.644838] (-) TimerEvent: {}
[23.748521] (-) TimerEvent: {}
[23.853005] (-) TimerEvent: {}
[23.954008] (-) TimerEvent: {}
[24.057210] (-) TimerEvent: {}
[24.158213] (-) TimerEvent: {}
[24.260405] (-) TimerEvent: {}
[24.362831] (-) TimerEvent: {}
[24.466244] (-) TimerEvent: {}
[24.567471] (-) TimerEvent: {}
[24.671867] (-) TimerEvent: {}
[24.772518] (-) TimerEvent: {}
[24.873189] (-) TimerEvent: {}
[24.973870] (-) TimerEvent: {}
[25.074602] (-) TimerEvent: {}
[25.176197] (-) TimerEvent: {}
[25.276848] (-) TimerEvent: {}
[25.377966] (-) TimerEvent: {}
[25.478695] (-) TimerEvent: {}
[25.579514] (-) TimerEvent: {}
[25.680417] (-) TimerEvent: {}
[25.781369] (-) TimerEvent: {}
[25.889456] (-) TimerEvent: {}
[25.990554] (-) TimerEvent: {}
[26.092180] (-) TimerEvent: {}
[26.194254] (-) TimerEvent: {}
[26.296261] (-) TimerEvent: {}
[26.398331] (-) TimerEvent: {}
[26.503853] (-) TimerEvent: {}
[26.605143] (-) TimerEvent: {}
[26.709193] (-) TimerEvent: {}
[26.813287] (-) TimerEvent: {}
[26.914408] (-) TimerEvent: {}
[27.016310] (-) TimerEvent: {}
[27.119696] (-) TimerEvent: {}
[27.161562] (marvelmind_ros2_msgs) StdoutLine: {'line': b'[  2%] Built target marvelmind_ros2_msgs__cpp\n'}
[27.224375] (-) TimerEvent: {}
[27.325502] (-) TimerEvent: {}
[27.427662] (-) TimerEvent: {}
[27.532305] (-) TimerEvent: {}
[27.633733] (-) TimerEvent: {}
[27.735952] (-) TimerEvent: {}
[27.838841] (-) TimerEvent: {}
[27.942351] (-) TimerEvent: {}
[28.045129] (-) TimerEvent: {}
[28.149691] (-) TimerEvent: {}
[28.201231] (marvelmind_ros2_msgs) StdoutLine: {'line': b'[  3%] \x1b[32mBuilding C object CMakeFiles/marvelmind_ros2_msgs__rosidl_generator_c.dir/rosidl_generator_c/marvelmind_ros2_msgs/msg/detail/beacon_distance__functions.c.o\x1b[0m\n'}
[28.204438] (marvelmind_ros2_msgs) StdoutLine: {'line': b'[  3%] \x1b[32mBuilding C object CMakeFiles/marvelmind_ros2_msgs__rosidl_generator_c.dir/rosidl_generator_c/marvelmind_ros2_msgs/msg/detail/beacon_distance__description.c.o\x1b[0m\n'}
[28.211553] (marvelmind_ros2_msgs) StdoutLine: {'line': b'[  4%] \x1b[32mBuilding C object CMakeFiles/marvelmind_ros2_msgs__rosidl_generator_c.dir/rosidl_generator_c/marvelmind_ros2_msgs/msg/detail/beacon_distance__type_support.c.o\x1b[0m\n'}
[28.223449] (marvelmind_ros2_msgs) StdoutLine: {'line': b'[  4%] \x1b[32mBuilding C object CMakeFiles/marvelmind_ros2_msgs__rosidl_generator_c.dir/rosidl_generator_c/marvelmind_ros2_msgs/msg/detail/beacon_position_addressed__description.c.o\x1b[0m\n'}
[28.250314] (-) TimerEvent: {}
[28.353717] (-) TimerEvent: {}
[28.454954] (-) TimerEvent: {}
[28.498505] (marvelmind_ros2_msgs) StdoutLine: {'line': b'[  5%] \x1b[32mBuilding C object CMakeFiles/marvelmind_ros2_msgs__rosidl_generator_c.dir/rosidl_generator_c/marvelmind_ros2_msgs/msg/detail/beacon_position_addressed__functions.c.o\x1b[0m\n'}
[28.549156] (marvelmind_ros2_msgs) StdoutLine: {'line': b'[  6%] \x1b[32mBuilding C object CMakeFiles/marvelmind_ros2_msgs__rosidl_generator_c.dir/rosidl_generator_c/marvelmind_ros2_msgs/msg/detail/beacon_position_addressed__type_support.c.o\x1b[0m\n'}
[28.555892] (-) TimerEvent: {}
[28.557431] (marvelmind_ros2_msgs) StdoutLine: {'line': b'[  6%] \x1b[32mBuilding C object CMakeFiles/marvelmind_ros2_msgs__rosidl_generator_c.dir/rosidl_generator_c/marvelmind_ros2_msgs/msg/detail/hedge_imu_fusion__description.c.o\x1b[0m\n'}
[28.656245] (marvelmind_ros2_msgs) StdoutLine: {'line': b'[  7%] \x1b[32mBuilding C object CMakeFiles/marvelmind_ros2_msgs__rosidl_generator_c.dir/rosidl_generator_c/marvelmind_ros2_msgs/msg/detail/hedge_imu_fusion__functions.c.o\x1b[0m\n'}
[28.657140] (-) TimerEvent: {}
[28.761620] (-) TimerEvent: {}
[28.771675] (marvelmind_ros2_msgs) StdoutLine: {'line': b'[  8%] \x1b[32mBuilding C object CMakeFiles/marvelmind_ros2_msgs__rosidl_generator_c.dir/rosidl_generator_c/marvelmind_ros2_msgs/msg/detail/hedge_imu_fusion__type_support.c.o\x1b[0m\n'}
[28.809841] (marvelmind_ros2_msgs) StdoutLine: {'line': b'[  9%] \x1b[32mBuilding C object CMakeFiles/marvelmind_ros2_msgs__rosidl_generator_c.dir/rosidl_generator_c/marvelmind_ros2_msgs/msg/detail/hedge_imu_raw__functions.c.o\x1b[0m\n'}
[28.816260] (marvelmind_ros2_msgs) StdoutLine: {'line': b'[  9%] \x1b[32mBuilding C object CMakeFiles/marvelmind_ros2_msgs__rosidl_generator_c.dir/rosidl_generator_c/marvelmind_ros2_msgs/msg/detail/hedge_imu_raw__description.c.o\x1b[0m\n'}
[28.863628] (-) TimerEvent: {}
[28.970339] (-) TimerEvent: {}
[29.071644] (-) TimerEvent: {}
[29.083754] (marvelmind_ros2_msgs) StdoutLine: {'line': b'[ 10%] \x1b[32mBuilding C object CMakeFiles/marvelmind_ros2_msgs__rosidl_generator_c.dir/rosidl_generator_c/marvelmind_ros2_msgs/msg/detail/hedge_imu_raw__type_support.c.o\x1b[0m\n'}
[29.093477] (marvelmind_ros2_msgs) StdoutLine: {'line': b'[ 11%] \x1b[32mBuilding C object CMakeFiles/marvelmind_ros2_msgs__rosidl_generator_c.dir/rosidl_generator_c/marvelmind_ros2_msgs/msg/detail/hedge_position_addressed__description.c.o\x1b[0m\n'}
[29.142195] (marvelmind_ros2_msgs) StdoutLine: {'line': b'[ 11%] \x1b[32mBuilding C object CMakeFiles/marvelmind_ros2_msgs__rosidl_generator_c.dir/rosidl_generator_c/marvelmind_ros2_msgs/msg/detail/hedge_position_addressed__functions.c.o\x1b[0m\n'}
[29.148306] (marvelmind_ros2_msgs) StdoutLine: {'line': b'[ 12%] \x1b[32mBuilding C object CMakeFiles/marvelmind_ros2_msgs__rosidl_generator_c.dir/rosidl_generator_c/marvelmind_ros2_msgs/msg/detail/hedge_position_addressed__type_support.c.o\x1b[0m\n'}
[29.173264] (-) TimerEvent: {}
[29.277008] (-) TimerEvent: {}
[29.301873] (marvelmind_ros2_msgs) StdoutLine: {'line': b'[ 13%] \x1b[32mBuilding C object CMakeFiles/marvelmind_ros2_msgs__rosidl_generator_c.dir/rosidl_generator_c/marvelmind_ros2_msgs/msg/detail/hedge_position_angle__description.c.o\x1b[0m\n'}
[29.372269] (marvelmind_ros2_msgs) StdoutLine: {'line': b'[ 13%] \x1b[32mBuilding C object CMakeFiles/marvelmind_ros2_msgs__rosidl_generator_c.dir/rosidl_generator_c/marvelmind_ros2_msgs/msg/detail/hedge_position_angle__functions.c.o\x1b[0m\n'}
[29.378465] (-) TimerEvent: {}
[29.384475] (marvelmind_ros2_msgs) StdoutLine: {'line': b'[ 14%] \x1b[32mBuilding C object CMakeFiles/marvelmind_ros2_msgs__rosidl_generator_c.dir/rosidl_generator_c/marvelmind_ros2_msgs/msg/detail/hedge_position_angle__type_support.c.o\x1b[0m\n'}
[29.466259] (marvelmind_ros2_msgs) StdoutLine: {'line': b'[ 15%] \x1b[32mBuilding C object CMakeFiles/marvelmind_ros2_msgs__rosidl_generator_c.dir/rosidl_generator_c/marvelmind_ros2_msgs/msg/detail/hedge_position__description.c.o\x1b[0m\n'}
[29.478723] (-) TimerEvent: {}
[29.577438] (marvelmind_ros2_msgs) StdoutLine: {'line': b'[ 15%] \x1b[32mBuilding C object CMakeFiles/marvelmind_ros2_msgs__rosidl_generator_c.dir/rosidl_generator_c/marvelmind_ros2_msgs/msg/detail/hedge_position__functions.c.o\x1b[0m\n'}
[29.580299] (-) TimerEvent: {}
[29.603678] (marvelmind_ros2_msgs) StdoutLine: {'line': b'[ 16%] \x1b[32mBuilding C object CMakeFiles/marvelmind_ros2_msgs__rosidl_generator_c.dir/rosidl_generator_c/marvelmind_ros2_msgs/msg/detail/hedge_position__type_support.c.o\x1b[0m\n'}
[29.683324] (-) TimerEvent: {}
[29.690264] (marvelmind_ros2_msgs) StdoutLine: {'line': b'[ 17%] \x1b[32mBuilding C object CMakeFiles/marvelmind_ros2_msgs__rosidl_generator_c.dir/rosidl_generator_c/marvelmind_ros2_msgs/msg/detail/hedge_quality__description.c.o\x1b[0m\n'}
[29.751361] (marvelmind_ros2_msgs) StdoutLine: {'line': b'[ 17%] \x1b[32mBuilding C object CMakeFiles/marvelmind_ros2_msgs__rosidl_generator_c.dir/rosidl_generator_c/marvelmind_ros2_msgs/msg/detail/hedge_quality__functions.c.o\x1b[0m\n'}
[29.786273] (-) TimerEvent: {}
[29.905267] (-) TimerEvent: {}
[29.923166] (marvelmind_ros2_msgs) StdoutLine: {'line': b'[ 18%] \x1b[32mBuilding C object CMakeFiles/marvelmind_ros2_msgs__rosidl_generator_c.dir/rosidl_generator_c/marvelmind_ros2_msgs/msg/detail/hedge_quality__type_support.c.o\x1b[0m\n'}
[30.005441] (-) TimerEvent: {}
[30.027280] (marvelmind_ros2_msgs) StdoutLine: {'line': b'[ 19%] \x1b[32mBuilding C object CMakeFiles/marvelmind_ros2_msgs__rosidl_generator_c.dir/rosidl_generator_c/marvelmind_ros2_msgs/msg/detail/hedge_telemetry__description.c.o\x1b[0m\n'}
[30.033391] (marvelmind_ros2_msgs) StdoutLine: {'line': b'[ 20%] \x1b[32mBuilding C object CMakeFiles/marvelmind_ros2_msgs__rosidl_generator_c.dir/rosidl_generator_c/marvelmind_ros2_msgs/msg/detail/hedge_telemetry__functions.c.o\x1b[0m\n'}
[30.109771] (-) TimerEvent: {}
[30.210958] (-) TimerEvent: {}
[30.224811] (marvelmind_ros2_msgs) StdoutLine: {'line': b'[ 20%] \x1b[32mBuilding C object CMakeFiles/marvelmind_ros2_msgs__rosidl_generator_c.dir/rosidl_generator_c/marvelmind_ros2_msgs/msg/detail/hedge_telemetry__type_support.c.o\x1b[0m\n'}
[30.277294] (marvelmind_ros2_msgs) StdoutLine: {'line': b'[ 21%] \x1b[32mBuilding C object CMakeFiles/marvelmind_ros2_msgs__rosidl_generator_c.dir/rosidl_generator_c/marvelmind_ros2_msgs/msg/detail/marvelmind_waypoint__description.c.o\x1b[0m\n'}
[30.310700] (-) TimerEvent: {}
[30.414359] (marvelmind_ros2_msgs) StdoutLine: {'line': b'[ 22%] \x1b[32mBuilding C object CMakeFiles/marvelmind_ros2_msgs__rosidl_generator_c.dir/rosidl_generator_c/marvelmind_ros2_msgs/msg/detail/marvelmind_waypoint__functions.c.o\x1b[0m\n'}
[30.415389] (-) TimerEvent: {}
[30.518148] (marvelmind_ros2_msgs) StdoutLine: {'line': b'[ 22%] \x1b[32mBuilding C object CMakeFiles/marvelmind_ros2_msgs__rosidl_generator_c.dir/rosidl_generator_c/marvelmind_ros2_msgs/msg/detail/marvelmind_waypoint__type_support.c.o\x1b[0m\n'}
[30.519029] (-) TimerEvent: {}
[30.622260] (-) TimerEvent: {}
[30.646944] (marvelmind_ros2_msgs) StdoutLine: {'line': b'[ 23%] \x1b[32mBuilding C object CMakeFiles/marvelmind_ros2_msgs__rosidl_generator_c.dir/rosidl_generator_c/marvelmind_ros2_msgs/msg/detail/marvelmind_user_data__description.c.o\x1b[0m\n'}
[30.711297] (marvelmind_ros2_msgs) StdoutLine: {'line': b'[ 24%] \x1b[32mBuilding C object CMakeFiles/marvelmind_ros2_msgs__rosidl_generator_c.dir/rosidl_generator_c/marvelmind_ros2_msgs/msg/detail/marvelmind_user_data__functions.c.o\x1b[0m\n'}
[30.724285] (-) TimerEvent: {}
[30.831286] (-) TimerEvent: {}
[30.834322] (marvelmind_ros2_msgs) StdoutLine: {'line': b'[ 24%] \x1b[32mBuilding C object CMakeFiles/marvelmind_ros2_msgs__rosidl_generator_c.dir/rosidl_generator_c/marvelmind_ros2_msgs/msg/detail/marvelmind_user_data__type_support.c.o\x1b[0m\n'}
[30.936330] (-) TimerEvent: {}
[30.980044] (marvelmind_ros2_msgs) StdoutLine: {'line': b'[ 25%] \x1b[32mBuilding C object CMakeFiles/marvelmind_ros2_msgs__rosidl_generator_c.dir/rosidl_generator_c/marvelmind_ros2_msgs/srv/detail/marvelmind_api__description.c.o\x1b[0m\n'}
[31.039464] (-) TimerEvent: {}
[31.050393] (marvelmind_ros2_msgs) StdoutLine: {'line': b'[ 26%] \x1b[32mBuilding C object CMakeFiles/marvelmind_ros2_msgs__rosidl_generator_c.dir/rosidl_generator_c/marvelmind_ros2_msgs/srv/detail/marvelmind_api__functions.c.o\x1b[0m\n'}
[31.119914] (marvelmind_ros2_msgs) StdoutLine: {'line': b'[ 26%] \x1b[32mBuilding C object CMakeFiles/marvelmind_ros2_msgs__rosidl_generator_c.dir/rosidl_generator_c/marvelmind_ros2_msgs/srv/detail/marvelmind_api__type_support.c.o\x1b[0m\n'}
[31.139666] (-) TimerEvent: {}
[31.240539] (-) TimerEvent: {}
[31.341290] (-) TimerEvent: {}
[31.442114] (-) TimerEvent: {}
[31.528528] (marvelmind_ros2_msgs) StdoutLine: {'line': b'[ 27%] \x1b[32m\x1b[1mLinking C shared library libmarvelmind_ros2_msgs__rosidl_generator_c.so\x1b[0m\n'}
[31.542308] (-) TimerEvent: {}
[31.643132] (-) TimerEvent: {}
[31.743778] (-) TimerEvent: {}
[31.814241] (marvelmind_ros2_msgs) StdoutLine: {'line': b'[ 27%] Built target marvelmind_ros2_msgs__rosidl_generator_c\n'}
[31.844618] (-) TimerEvent: {}
[31.885526] (marvelmind_ros2_msgs) StdoutLine: {'line': b'[ 28%] \x1b[34m\x1b[1mGenerating C introspection for ROS interfaces\x1b[0m\n'}
[31.889010] (marvelmind_ros2_msgs) StdoutLine: {'line': b'[ 28%] \x1b[34m\x1b[1mGenerating C type support dispatch for ROS interfaces\x1b[0m\n'}
[31.891241] (marvelmind_ros2_msgs) StdoutLine: {'line': b'[ 28%] \x1b[34m\x1b[1mGenerating C++ type support for eProsima Fast-RTPS\x1b[0m\n'}
[31.894703] (marvelmind_ros2_msgs) StdoutLine: {'line': b'[ 29%] \x1b[34m\x1b[1mGenerating C++ introspection for ROS interfaces\x1b[0m\n'}
[31.947165] (-) TimerEvent: {}
[32.047963] (-) TimerEvent: {}
[32.151304] (-) TimerEvent: {}
[32.252318] (-) TimerEvent: {}
[32.353191] (-) TimerEvent: {}
[32.455571] (-) TimerEvent: {}
[32.557523] (-) TimerEvent: {}
[32.659569] (-) TimerEvent: {}
[32.761523] (-) TimerEvent: {}
[32.864425] (-) TimerEvent: {}
[32.965806] (-) TimerEvent: {}
[33.070212] (-) TimerEvent: {}
[33.171016] (-) TimerEvent: {}
[33.272176] (-) TimerEvent: {}
[33.376406] (-) TimerEvent: {}
[33.477158] (-) TimerEvent: {}
[33.577878] (-) TimerEvent: {}
[33.679255] (-) TimerEvent: {}
[33.781374] (-) TimerEvent: {}
[33.886538] (-) TimerEvent: {}
[33.987314] (-) TimerEvent: {}
[34.088104] (-) TimerEvent: {}
[34.191255] (-) TimerEvent: {}
[34.292193] (-) TimerEvent: {}
[34.393097] (-) TimerEvent: {}
[34.495458] (-) TimerEvent: {}
[34.596198] (-) TimerEvent: {}
[34.697472] (-) TimerEvent: {}
[34.800973] (-) TimerEvent: {}
[34.902411] (-) TimerEvent: {}
[35.007240] (-) TimerEvent: {}
[35.038840] (marvelmind_ros2_msgs) StdoutLine: {'line': b'[ 30%] \x1b[32mBuilding CXX object CMakeFiles/marvelmind_ros2_msgs__rosidl_typesupport_c.dir/rosidl_typesupport_c/marvelmind_ros2_msgs/msg/beacon_distance__type_support.cpp.o\x1b[0m\n'}
[35.109537] (-) TimerEvent: {}
[35.212332] (-) TimerEvent: {}
[35.313219] (-) TimerEvent: {}
[35.415418] (-) TimerEvent: {}
[35.454954] (marvelmind_ros2_msgs) StdoutLine: {'line': b'[ 31%] \x1b[32mBuilding CXX object CMakeFiles/marvelmind_ros2_msgs__rosidl_typesupport_c.dir/rosidl_typesupport_c/marvelmind_ros2_msgs/msg/beacon_position_addressed__type_support.cpp.o\x1b[0m\n'}
[35.520748] (-) TimerEvent: {}
[35.621477] (-) TimerEvent: {}
[35.722252] (-) TimerEvent: {}
[35.785303] (marvelmind_ros2_msgs) StdoutLine: {'line': b'[ 32%] \x1b[32mBuilding CXX object CMakeFiles/marvelmind_ros2_msgs__rosidl_typesupport_c.dir/rosidl_typesupport_c/marvelmind_ros2_msgs/msg/hedge_imu_fusion__type_support.cpp.o\x1b[0m\n'}
[35.822432] (-) TimerEvent: {}
[35.928849] (-) TimerEvent: {}
[36.029654] (-) TimerEvent: {}
[36.111573] (marvelmind_ros2_msgs) StdoutLine: {'line': b'[ 32%] \x1b[32mBuilding CXX object CMakeFiles/marvelmind_ros2_msgs__rosidl_typesupport_c.dir/rosidl_typesupport_c/marvelmind_ros2_msgs/msg/hedge_imu_raw__type_support.cpp.o\x1b[0m\n'}
[36.132241] (-) TimerEvent: {}
[36.207975] (marvelmind_ros2_msgs) StdoutLine: {'line': b'[ 32%] \x1b[32mBuilding CXX object CMakeFiles/marvelmind_ros2_msgs__rosidl_typesupport_introspection_cpp.dir/rosidl_typesupport_introspection_cpp/marvelmind_ros2_msgs/msg/detail/beacon_distance__type_support.cpp.o\x1b[0m\n'}
[36.234260] (-) TimerEvent: {}
[36.260610] (marvelmind_ros2_msgs) StdoutLine: {'line': b'[ 33%] \x1b[32mBuilding C object CMakeFiles/marvelmind_ros2_msgs__rosidl_typesupport_introspection_c.dir/rosidl_typesupport_introspection_c/marvelmind_ros2_msgs/msg/detail/beacon_distance__type_support.c.o\x1b[0m\n'}
[36.337306] (-) TimerEvent: {}
[36.424854] (marvelmind_ros2_msgs) StdoutLine: {'line': b'[ 34%] \x1b[32mBuilding CXX object CMakeFiles/marvelmind_ros2_msgs__rosidl_typesupport_c.dir/rosidl_typesupport_c/marvelmind_ros2_msgs/msg/hedge_position_addressed__type_support.cpp.o\x1b[0m\n'}
[36.439217] (-) TimerEvent: {}
[36.540102] (-) TimerEvent: {}
[36.612496] (marvelmind_ros2_msgs) StdoutLine: {'line': b'[ 34%] \x1b[32mBuilding C object CMakeFiles/marvelmind_ros2_msgs__rosidl_typesupport_introspection_c.dir/rosidl_typesupport_introspection_c/marvelmind_ros2_msgs/msg/detail/beacon_position_addressed__type_support.c.o\x1b[0m\n'}
[36.640264] (-) TimerEvent: {}
[36.745260] (-) TimerEvent: {}
[36.845970] (-) TimerEvent: {}
[36.859216] (marvelmind_ros2_msgs) StdoutLine: {'line': b'[ 35%] \x1b[32mBuilding CXX object CMakeFiles/marvelmind_ros2_msgs__rosidl_typesupport_c.dir/rosidl_typesupport_c/marvelmind_ros2_msgs/msg/hedge_position_angle__type_support.cpp.o\x1b[0m\n'}
[36.894303] (marvelmind_ros2_msgs) StdoutLine: {'line': b'[ 36%] \x1b[32mBuilding C object CMakeFiles/marvelmind_ros2_msgs__rosidl_typesupport_introspection_c.dir/rosidl_typesupport_introspection_c/marvelmind_ros2_msgs/msg/detail/hedge_imu_fusion__type_support.c.o\x1b[0m\n'}
[36.948331] (-) TimerEvent: {}
[37.049226] (-) TimerEvent: {}
[37.153373] (-) TimerEvent: {}
[37.230388] (marvelmind_ros2_msgs) StdoutLine: {'line': b'[ 37%] \x1b[32mBuilding C object CMakeFiles/marvelmind_ros2_msgs__rosidl_typesupport_introspection_c.dir/rosidl_typesupport_introspection_c/marvelmind_ros2_msgs/msg/detail/hedge_imu_raw__type_support.c.o\x1b[0m\n'}
[37.256306] (-) TimerEvent: {}
[37.261894] (marvelmind_ros2_msgs) StdoutLine: {'line': b'[ 37%] \x1b[32mBuilding CXX object CMakeFiles/marvelmind_ros2_msgs__rosidl_typesupport_c.dir/rosidl_typesupport_c/marvelmind_ros2_msgs/msg/hedge_position__type_support.cpp.o\x1b[0m\n'}
[37.357269] (-) TimerEvent: {}
[37.464827] (-) TimerEvent: {}
[37.554320] (marvelmind_ros2_msgs) StdoutLine: {'line': b'[ 38%] \x1b[32mBuilding C object CMakeFiles/marvelmind_ros2_msgs__rosidl_typesupport_introspection_c.dir/rosidl_typesupport_introspection_c/marvelmind_ros2_msgs/msg/detail/hedge_position_addressed__type_support.c.o\x1b[0m\n'}
[37.565351] (-) TimerEvent: {}
[37.671677] (-) TimerEvent: {}
[37.697494] (marvelmind_ros2_msgs) StdoutLine: {'line': b'[ 39%] \x1b[32mBuilding CXX object CMakeFiles/marvelmind_ros2_msgs__rosidl_typesupport_c.dir/rosidl_typesupport_c/marvelmind_ros2_msgs/msg/hedge_quality__type_support.cpp.o\x1b[0m\n'}
[37.771924] (-) TimerEvent: {}
[37.852608] (marvelmind_ros2_msgs) StdoutLine: {'line': b'[ 39%] \x1b[32mBuilding C object CMakeFiles/marvelmind_ros2_msgs__rosidl_typesupport_introspection_c.dir/rosidl_typesupport_introspection_c/marvelmind_ros2_msgs/msg/detail/hedge_position_angle__type_support.c.o\x1b[0m\n'}
[37.877280] (-) TimerEvent: {}
[37.978233] (-) TimerEvent: {}
[38.006688] (marvelmind_ros2_msgs) StdoutLine: {'line': b'[ 40%] \x1b[32mBuilding CXX object CMakeFiles/marvelmind_ros2_msgs__rosidl_typesupport_c.dir/rosidl_typesupport_c/marvelmind_ros2_msgs/msg/hedge_telemetry__type_support.cpp.o\x1b[0m\n'}
[38.078434] (-) TimerEvent: {}
[38.129210] (marvelmind_ros2_msgs) StdoutLine: {'line': b'[ 41%] \x1b[32mBuilding C object CMakeFiles/marvelmind_ros2_msgs__rosidl_typesupport_introspection_c.dir/rosidl_typesupport_introspection_c/marvelmind_ros2_msgs/msg/detail/hedge_position__type_support.c.o\x1b[0m\n'}
[38.161619] (marvelmind_ros2_msgs) StdoutLine: {'line': b'[ 42%] \x1b[32mBuilding CXX object CMakeFiles/marvelmind_ros2_msgs__rosidl_typesupport_fastrtps_cpp.dir/rosidl_typesupport_fastrtps_cpp/marvelmind_ros2_msgs/msg/detail/dds_fastrtps/beacon_distance__type_support.cpp.o\x1b[0m\n'}
[38.179897] (-) TimerEvent: {}
[38.283980] (-) TimerEvent: {}
[38.335518] (marvelmind_ros2_msgs) StdoutLine: {'line': b'[ 42%] \x1b[32mBuilding CXX object CMakeFiles/marvelmind_ros2_msgs__rosidl_typesupport_c.dir/rosidl_typesupport_c/marvelmind_ros2_msgs/msg/marvelmind_waypoint__type_support.cpp.o\x1b[0m\n'}
[38.386273] (-) TimerEvent: {}
[38.405376] (marvelmind_ros2_msgs) StdoutLine: {'line': b'[ 43%] \x1b[32mBuilding C object CMakeFiles/marvelmind_ros2_msgs__rosidl_typesupport_introspection_c.dir/rosidl_typesupport_introspection_c/marvelmind_ros2_msgs/msg/detail/hedge_quality__type_support.c.o\x1b[0m\n'}
[38.489278] (-) TimerEvent: {}
[38.590307] (-) TimerEvent: {}
[38.644373] (marvelmind_ros2_msgs) StdoutLine: {'line': b'[ 44%] \x1b[32mBuilding CXX object CMakeFiles/marvelmind_ros2_msgs__rosidl_typesupport_c.dir/rosidl_typesupport_c/marvelmind_ros2_msgs/msg/marvelmind_user_data__type_support.cpp.o\x1b[0m\n'}
[38.657411] (marvelmind_ros2_msgs) StdoutLine: {'line': b'[ 44%] \x1b[32mBuilding C object CMakeFiles/marvelmind_ros2_msgs__rosidl_typesupport_introspection_c.dir/rosidl_typesupport_introspection_c/marvelmind_ros2_msgs/msg/detail/hedge_telemetry__type_support.c.o\x1b[0m\n'}
[38.693270] (-) TimerEvent: {}
[38.794240] (-) TimerEvent: {}
[38.895350] (-) TimerEvent: {}
[38.978366] (marvelmind_ros2_msgs) StdoutLine: {'line': b'[ 45%] \x1b[32mBuilding C object CMakeFiles/marvelmind_ros2_msgs__rosidl_typesupport_introspection_c.dir/rosidl_typesupport_introspection_c/marvelmind_ros2_msgs/msg/detail/marvelmind_waypoint__type_support.c.o\x1b[0m\n'}
[38.998279] (-) TimerEvent: {}
[39.016562] (marvelmind_ros2_msgs) StdoutLine: {'line': b'[ 46%] \x1b[32mBuilding CXX object CMakeFiles/marvelmind_ros2_msgs__rosidl_typesupport_c.dir/rosidl_typesupport_c/marvelmind_ros2_msgs/srv/marvelmind_api__type_support.cpp.o\x1b[0m\n'}
[39.100235] (-) TimerEvent: {}
[39.201477] (-) TimerEvent: {}
[39.245362] (marvelmind_ros2_msgs) StdoutLine: {'line': b'[ 47%] \x1b[32mBuilding CXX object CMakeFiles/marvelmind_ros2_msgs__rosidl_typesupport_introspection_cpp.dir/rosidl_typesupport_introspection_cpp/marvelmind_ros2_msgs/msg/detail/beacon_position_addressed__type_support.cpp.o\x1b[0m\n'}
[39.303385] (-) TimerEvent: {}
[39.328939] (marvelmind_ros2_msgs) StdoutLine: {'line': b'[ 48%] \x1b[32mBuilding C object CMakeFiles/marvelmind_ros2_msgs__rosidl_typesupport_introspection_c.dir/rosidl_typesupport_introspection_c/marvelmind_ros2_msgs/msg/detail/marvelmind_user_data__type_support.c.o\x1b[0m\n'}
[39.372718] (marvelmind_ros2_msgs) StdoutLine: {'line': b'[ 48%] \x1b[32m\x1b[1mLinking CXX shared library libmarvelmind_ros2_msgs__rosidl_typesupport_c.so\x1b[0m\n'}
[39.409245] (-) TimerEvent: {}
[39.510218] (-) TimerEvent: {}
[39.614794] (-) TimerEvent: {}
[39.626730] (marvelmind_ros2_msgs) StdoutLine: {'line': b'[ 48%] \x1b[32mBuilding C object CMakeFiles/marvelmind_ros2_msgs__rosidl_typesupport_introspection_c.dir/rosidl_typesupport_introspection_c/marvelmind_ros2_msgs/srv/detail/marvelmind_api__type_support.c.o\x1b[0m\n'}
[39.698224] (marvelmind_ros2_msgs) StdoutLine: {'line': b'[ 48%] Built target marvelmind_ros2_msgs__rosidl_typesupport_c\n'}
[39.716247] (-) TimerEvent: {}
[39.774464] (marvelmind_ros2_msgs) StdoutLine: {'line': b'[ 49%] \x1b[34m\x1b[1mGenerating C++ type support dispatch for ROS interfaces\x1b[0m\n'}
[39.819258] (-) TimerEvent: {}
[39.922285] (-) TimerEvent: {}
[40.023373] (-) TimerEvent: {}
[40.029462] (marvelmind_ros2_msgs) StdoutLine: {'line': b'[ 50%] \x1b[32m\x1b[1mLinking C shared library libmarvelmind_ros2_msgs__rosidl_typesupport_introspection_c.so\x1b[0m\n'}
[40.126541] (-) TimerEvent: {}
[40.231321] (-) TimerEvent: {}
[40.332498] (-) TimerEvent: {}
[40.426169] (marvelmind_ros2_msgs) StdoutLine: {'line': b'[ 50%] Built target marvelmind_ros2_msgs__rosidl_typesupport_introspection_c\n'}
[40.436264] (-) TimerEvent: {}
[40.495839] (marvelmind_ros2_msgs) StdoutLine: {'line': b'[ 51%] \x1b[32mBuilding CXX object CMakeFiles/marvelmind_ros2_msgs__rosidl_typesupport_fastrtps_cpp.dir/rosidl_typesupport_fastrtps_cpp/marvelmind_ros2_msgs/msg/detail/dds_fastrtps/beacon_position_addressed__type_support.cpp.o\x1b[0m\n'}
[40.539288] (-) TimerEvent: {}
[40.640419] (-) TimerEvent: {}
[40.746270] (-) TimerEvent: {}
[40.847286] (-) TimerEvent: {}
[40.951250] (-) TimerEvent: {}
[41.053770] (-) TimerEvent: {}
[41.157699] (-) TimerEvent: {}
[41.262336] (-) TimerEvent: {}
[41.363875] (-) TimerEvent: {}
[41.466604] (-) TimerEvent: {}
[41.515713] (marvelmind_ros2_msgs) StdoutLine: {'line': b'[ 52%] \x1b[32mBuilding CXX object CMakeFiles/marvelmind_ros2_msgs__rosidl_typesupport_introspection_cpp.dir/rosidl_typesupport_introspection_cpp/marvelmind_ros2_msgs/msg/detail/hedge_imu_fusion__type_support.cpp.o\x1b[0m\n'}
[41.566839] (-) TimerEvent: {}
[41.671663] (-) TimerEvent: {}
[41.774715] (-) TimerEvent: {}
[41.816296] (marvelmind_ros2_msgs) StdoutLine: {'line': b'[ 52%] \x1b[32mBuilding CXX object CMakeFiles/marvelmind_ros2_msgs__rosidl_typesupport_fastrtps_cpp.dir/rosidl_typesupport_fastrtps_cpp/marvelmind_ros2_msgs/msg/detail/dds_fastrtps/hedge_imu_fusion__type_support.cpp.o\x1b[0m\n'}
[41.877237] (-) TimerEvent: {}
[41.978121] (-) TimerEvent: {}
[42.078951] (-) TimerEvent: {}
[42.183238] (-) TimerEvent: {}
[42.287602] (-) TimerEvent: {}
[42.388494] (-) TimerEvent: {}
[42.492626] (-) TimerEvent: {}
[42.596828] (-) TimerEvent: {}
[42.700772] (-) TimerEvent: {}
[42.803697] (-) TimerEvent: {}
[42.911351] (-) TimerEvent: {}
[43.012692] (-) TimerEvent: {}
[43.113560] (-) TimerEvent: {}
[43.214269] (-) TimerEvent: {}
[43.323319] (-) TimerEvent: {}
[43.424434] (-) TimerEvent: {}
[43.550303] (-) TimerEvent: {}
[43.664280] (-) TimerEvent: {}
[43.767291] (-) TimerEvent: {}
[43.813285] (marvelmind_ros2_msgs) StdoutLine: {'line': b'[ 53%] \x1b[32mBuilding CXX object CMakeFiles/marvelmind_ros2_msgs__rosidl_typesupport_cpp.dir/rosidl_typesupport_cpp/marvelmind_ros2_msgs/msg/beacon_distance__type_support.cpp.o\x1b[0m\n'}
[43.869335] (-) TimerEvent: {}
[43.887250] (marvelmind_ros2_msgs) StdoutLine: {'line': b'[ 53%] \x1b[32mBuilding CXX object CMakeFiles/marvelmind_ros2_msgs__rosidl_typesupport_introspection_cpp.dir/rosidl_typesupport_introspection_cpp/marvelmind_ros2_msgs/msg/detail/hedge_imu_raw__type_support.cpp.o\x1b[0m\n'}
[43.969633] (-) TimerEvent: {}
[44.075044] (-) TimerEvent: {}
[44.178919] (-) TimerEvent: {}
[44.285304] (-) TimerEvent: {}
[44.386258] (-) TimerEvent: {}
[44.489330] (-) TimerEvent: {}
[44.592916] (-) TimerEvent: {}
[44.695357] (-) TimerEvent: {}
[44.703239] (marvelmind_ros2_msgs) StdoutLine: {'line': b'[ 53%] \x1b[32mBuilding CXX object CMakeFiles/marvelmind_ros2_msgs__rosidl_typesupport_cpp.dir/rosidl_typesupport_cpp/marvelmind_ros2_msgs/msg/beacon_position_addressed__type_support.cpp.o\x1b[0m\n'}
[44.797282] (-) TimerEvent: {}
[44.898231] (-) TimerEvent: {}
[45.001309] (-) TimerEvent: {}
[45.102328] (-) TimerEvent: {}
[45.204260] (-) TimerEvent: {}
[45.305136] (-) TimerEvent: {}
[45.409278] (-) TimerEvent: {}
[45.511424] (-) TimerEvent: {}
[45.615313] (-) TimerEvent: {}
[45.717371] (-) TimerEvent: {}
[45.818330] (-) TimerEvent: {}
[45.922268] (-) TimerEvent: {}
[46.023477] (-) TimerEvent: {}
[46.121259] (marvelmind_ros2_msgs) StdoutLine: {'line': b'[ 54%] \x1b[32mBuilding CXX object CMakeFiles/marvelmind_ros2_msgs__rosidl_typesupport_fastrtps_cpp.dir/rosidl_typesupport_fastrtps_cpp/marvelmind_ros2_msgs/msg/detail/dds_fastrtps/hedge_imu_raw__type_support.cpp.o\x1b[0m\n'}
[46.123734] (-) TimerEvent: {}
[46.226673] (-) TimerEvent: {}
[46.329281] (-) TimerEvent: {}
[46.430592] (-) TimerEvent: {}
[46.474590] (marvelmind_ros2_msgs) StdoutLine: {'line': b'[ 55%] \x1b[34m\x1b[1mGenerating C type support for eProsima Fast-RTPS\x1b[0m\n'}
[46.498673] (marvelmind_ros2_msgs) StdoutLine: {'line': b'[ 56%] \x1b[32mBuilding CXX object CMakeFiles/marvelmind_ros2_msgs__rosidl_typesupport_introspection_cpp.dir/rosidl_typesupport_introspection_cpp/marvelmind_ros2_msgs/msg/detail/hedge_position_addressed__type_support.cpp.o\x1b[0m\n'}
[46.534480] (-) TimerEvent: {}
[46.635470] (-) TimerEvent: {}
[46.737855] (-) TimerEvent: {}
[46.840942] (-) TimerEvent: {}
[46.945197] (-) TimerEvent: {}
[46.991339] (marvelmind_ros2_msgs) StdoutLine: {'line': b'[ 57%] \x1b[32mBuilding CXX object CMakeFiles/marvelmind_ros2_msgs__rosidl_typesupport_cpp.dir/rosidl_typesupport_cpp/marvelmind_ros2_msgs/msg/hedge_imu_fusion__type_support.cpp.o\x1b[0m\n'}
[47.048243] (-) TimerEvent: {}
[47.149219] (-) TimerEvent: {}
[47.252034] (-) TimerEvent: {}
[47.356489] (-) TimerEvent: {}
[47.457618] (-) TimerEvent: {}
[47.562291] (-) TimerEvent: {}
[47.664461] (-) TimerEvent: {}
[47.768679] (-) TimerEvent: {}
[47.872619] (-) TimerEvent: {}
[47.976756] (-) TimerEvent: {}
[48.077905] (-) TimerEvent: {}
[48.181233] (-) TimerEvent: {}
[48.282168] (-) TimerEvent: {}
[48.385233] (-) TimerEvent: {}
[48.486102] (-) TimerEvent: {}
[48.589276] (-) TimerEvent: {}
[48.690349] (-) TimerEvent: {}
[48.714938] (marvelmind_ros2_msgs) StdoutLine: {'line': b'[ 58%] \x1b[32mBuilding CXX object CMakeFiles/marvelmind_ros2_msgs__rosidl_typesupport_introspection_cpp.dir/rosidl_typesupport_introspection_cpp/marvelmind_ros2_msgs/msg/detail/hedge_position_angle__type_support.cpp.o\x1b[0m\n'}
[48.793337] (-) TimerEvent: {}
[48.897245] (-) TimerEvent: {}
[48.998256] (-) TimerEvent: {}
[49.102676] (-) TimerEvent: {}
[49.205856] (-) TimerEvent: {}
[49.296993] (marvelmind_ros2_msgs) StdoutLine: {'line': b'[ 59%] \x1b[32mBuilding CXX object CMakeFiles/marvelmind_ros2_msgs__rosidl_typesupport_cpp.dir/rosidl_typesupport_cpp/marvelmind_ros2_msgs/msg/hedge_imu_raw__type_support.cpp.o\x1b[0m\n'}
[49.309301] (-) TimerEvent: {}
[49.410277] (-) TimerEvent: {}
[49.495510] (marvelmind_ros2_msgs) StdoutLine: {'line': b'[ 60%] \x1b[32mBuilding CXX object CMakeFiles/marvelmind_ros2_msgs__rosidl_typesupport_fastrtps_cpp.dir/rosidl_typesupport_fastrtps_cpp/marvelmind_ros2_msgs/msg/detail/dds_fastrtps/hedge_position_addressed__type_support.cpp.o\x1b[0m\n'}
[49.511256] (-) TimerEvent: {}
[49.624376] (-) TimerEvent: {}
[49.732249] (-) TimerEvent: {}
[49.835257] (-) TimerEvent: {}
[49.942218] (-) TimerEvent: {}
[50.043156] (-) TimerEvent: {}
[50.146448] (-) TimerEvent: {}
[50.251515] (-) TimerEvent: {}
[50.352843] (-) TimerEvent: {}
[50.454425] (-) TimerEvent: {}
[50.558397] (-) TimerEvent: {}
[50.663333] (-) TimerEvent: {}
[50.769288] (-) TimerEvent: {}
[50.873397] (-) TimerEvent: {}
[50.975113] (-) TimerEvent: {}
[51.077275] (-) TimerEvent: {}
[51.181269] (-) TimerEvent: {}
[51.282236] (-) TimerEvent: {}
[51.386313] (-) TimerEvent: {}
[51.487207] (-) TimerEvent: {}
[51.590280] (-) TimerEvent: {}
[51.691402] (-) TimerEvent: {}
[51.795329] (-) TimerEvent: {}
[51.814867] (marvelmind_ros2_msgs) StdoutLine: {'line': b'[ 61%] \x1b[32mBuilding CXX object CMakeFiles/marvelmind_ros2_msgs__rosidl_typesupport_introspection_cpp.dir/rosidl_typesupport_introspection_cpp/marvelmind_ros2_msgs/msg/detail/hedge_position__type_support.cpp.o\x1b[0m\n'}
[51.895576] (-) TimerEvent: {}
[51.996873] (-) TimerEvent: {}
[52.100640] (-) TimerEvent: {}
[52.201935] (-) TimerEvent: {}
[52.207681] (marvelmind_ros2_msgs) StdoutLine: {'line': b'[ 62%] \x1b[32mBuilding CXX object CMakeFiles/marvelmind_ros2_msgs__rosidl_typesupport_cpp.dir/rosidl_typesupport_cpp/marvelmind_ros2_msgs/msg/hedge_position_addressed__type_support.cpp.o\x1b[0m\n'}
[52.304238] (-) TimerEvent: {}
[52.405171] (-) TimerEvent: {}
[52.509696] (-) TimerEvent: {}
[52.613231] (-) TimerEvent: {}
[52.716226] (-) TimerEvent: {}
[52.819741] (-) TimerEvent: {}
[52.927271] (-) TimerEvent: {}
[53.028282] (-) TimerEvent: {}
[53.131210] (-) TimerEvent: {}
[53.235266] (-) TimerEvent: {}
[53.338270] (-) TimerEvent: {}
[53.412549] (marvelmind_ros2_msgs) StdoutLine: {'line': b'[ 63%] \x1b[32mBuilding CXX object CMakeFiles/marvelmind_ros2_msgs__rosidl_typesupport_fastrtps_cpp.dir/rosidl_typesupport_fastrtps_cpp/marvelmind_ros2_msgs/msg/detail/dds_fastrtps/hedge_position_angle__type_support.cpp.o\x1b[0m\n'}
[53.440235] (-) TimerEvent: {}
[53.547312] (-) TimerEvent: {}
[53.575423] (marvelmind_ros2_msgs) StdoutLine: {'line': b'[ 63%] \x1b[32mBuilding CXX object CMakeFiles/marvelmind_ros2_msgs__rosidl_typesupport_fastrtps_c.dir/rosidl_typesupport_fastrtps_c/marvelmind_ros2_msgs/msg/detail/beacon_distance__type_support_c.cpp.o\x1b[0m\n'}
[53.650254] (-) TimerEvent: {}
[53.751289] (-) TimerEvent: {}
[53.852314] (-) TimerEvent: {}
[53.958276] (-) TimerEvent: {}
[54.060691] (-) TimerEvent: {}
[54.145373] (marvelmind_ros2_msgs) StdoutLine: {'line': b'[ 63%] \x1b[32mBuilding CXX object CMakeFiles/marvelmind_ros2_msgs__rosidl_typesupport_introspection_cpp.dir/rosidl_typesupport_introspection_cpp/marvelmind_ros2_msgs/msg/detail/hedge_quality__type_support.cpp.o\x1b[0m\n'}
[54.161043] (-) TimerEvent: {}
[54.263690] (-) TimerEvent: {}
[54.368006] (-) TimerEvent: {}
[54.468870] (-) TimerEvent: {}
[54.535946] (marvelmind_ros2_msgs) StdoutLine: {'line': b'[ 63%] \x1b[32mBuilding CXX object CMakeFiles/marvelmind_ros2_msgs__rosidl_typesupport_cpp.dir/rosidl_typesupport_cpp/marvelmind_ros2_msgs/msg/hedge_position_angle__type_support.cpp.o\x1b[0m\n'}
[54.569174] (-) TimerEvent: {}
[54.670395] (-) TimerEvent: {}
[54.774118] (-) TimerEvent: {}
[54.875319] (-) TimerEvent: {}
[54.979316] (-) TimerEvent: {}
[55.083272] (-) TimerEvent: {}
[55.184475] (-) TimerEvent: {}
[55.288720] (-) TimerEvent: {}
[55.392245] (-) TimerEvent: {}
[55.493278] (-) TimerEvent: {}
[55.596350] (-) TimerEvent: {}
[55.701344] (-) TimerEvent: {}
[55.802493] (-) TimerEvent: {}
[55.906730] (-) TimerEvent: {}
[56.007859] (-) TimerEvent: {}
[56.112154] (-) TimerEvent: {}
[56.217703] (-) TimerEvent: {}
[56.318736] (-) TimerEvent: {}
[56.426223] (-) TimerEvent: {}
[56.465305] (marvelmind_ros2_msgs) StdoutLine: {'line': b'[ 64%] \x1b[32mBuilding CXX object CMakeFiles/marvelmind_ros2_msgs__rosidl_typesupport_introspection_cpp.dir/rosidl_typesupport_introspection_cpp/marvelmind_ros2_msgs/msg/detail/hedge_telemetry__type_support.cpp.o\x1b[0m\n'}
[56.530263] (-) TimerEvent: {}
[56.636315] (-) TimerEvent: {}
[56.739239] (-) TimerEvent: {}
[56.842228] (-) TimerEvent: {}
[56.944801] (-) TimerEvent: {}
[57.047933] (-) TimerEvent: {}
[57.152914] (-) TimerEvent: {}
[57.259262] (-) TimerEvent: {}
[57.367965] (-) TimerEvent: {}
[57.471931] (-) TimerEvent: {}
[57.577310] (-) TimerEvent: {}
[57.586386] (marvelmind_ros2_msgs) StdoutLine: {'line': b'[ 65%] \x1b[32mBuilding CXX object CMakeFiles/marvelmind_ros2_msgs__rosidl_typesupport_fastrtps_c.dir/rosidl_typesupport_fastrtps_c/marvelmind_ros2_msgs/msg/detail/beacon_position_addressed__type_support_c.cpp.o\x1b[0m\n'}
[57.615425] (marvelmind_ros2_msgs) StdoutLine: {'line': b'[ 66%] \x1b[32mBuilding CXX object CMakeFiles/marvelmind_ros2_msgs__rosidl_typesupport_cpp.dir/rosidl_typesupport_cpp/marvelmind_ros2_msgs/msg/hedge_position__type_support.cpp.o\x1b[0m\n'}
[57.679461] (-) TimerEvent: {}
[57.768630] (marvelmind_ros2_msgs) StdoutLine: {'line': b'[ 66%] \x1b[32mBuilding CXX object CMakeFiles/marvelmind_ros2_msgs__rosidl_typesupport_fastrtps_cpp.dir/rosidl_typesupport_fastrtps_cpp/marvelmind_ros2_msgs/msg/detail/dds_fastrtps/hedge_position__type_support.cpp.o\x1b[0m\n'}
[57.780394] (-) TimerEvent: {}
[57.884731] (-) TimerEvent: {}
[57.985572] (-) TimerEvent: {}
[58.086332] (-) TimerEvent: {}
[58.189295] (-) TimerEvent: {}
[58.290699] (-) TimerEvent: {}
[58.394042] (-) TimerEvent: {}
[58.497280] (-) TimerEvent: {}
[58.598258] (-) TimerEvent: {}
[58.700724] (-) TimerEvent: {}
[58.769289] (marvelmind_ros2_msgs) StdoutLine: {'line': b'[ 67%] \x1b[32mBuilding CXX object CMakeFiles/marvelmind_ros2_msgs__rosidl_typesupport_introspection_cpp.dir/rosidl_typesupport_introspection_cpp/marvelmind_ros2_msgs/msg/detail/marvelmind_waypoint__type_support.cpp.o\x1b[0m\n'}
[58.803272] (-) TimerEvent: {}
[58.904121] (-) TimerEvent: {}
[59.008293] (-) TimerEvent: {}
[59.112324] (-) TimerEvent: {}
[59.213421] (-) TimerEvent: {}
[59.318573] (-) TimerEvent: {}
[59.419828] (-) TimerEvent: {}
[59.524733] (-) TimerEvent: {}
[59.630260] (-) TimerEvent: {}
[59.731306] (-) TimerEvent: {}
[59.832792] (-) TimerEvent: {}
[59.935301] (-) TimerEvent: {}
[60.006604] (marvelmind_ros2_msgs) StdoutLine: {'line': b'[ 68%] \x1b[32mBuilding CXX object CMakeFiles/marvelmind_ros2_msgs__rosidl_typesupport_cpp.dir/rosidl_typesupport_cpp/marvelmind_ros2_msgs/msg/hedge_quality__type_support.cpp.o\x1b[0m\n'}
[60.038305] (-) TimerEvent: {}
[60.139504] (-) TimerEvent: {}
[60.243564] (-) TimerEvent: {}
[60.346410] (-) TimerEvent: {}
[60.450982] (-) TimerEvent: {}
[60.552230] (-) TimerEvent: {}
[60.654438] (-) TimerEvent: {}
[60.758216] (-) TimerEvent: {}
[60.862286] (-) TimerEvent: {}
[60.967550] (-) TimerEvent: {}
[61.068882] (-) TimerEvent: {}
[61.091331] (marvelmind_ros2_msgs) StdoutLine: {'line': b'[ 69%] \x1b[32mBuilding CXX object CMakeFiles/marvelmind_ros2_msgs__rosidl_typesupport_fastrtps_c.dir/rosidl_typesupport_fastrtps_c/marvelmind_ros2_msgs/msg/detail/hedge_imu_fusion__type_support_c.cpp.o\x1b[0m\n'}
[61.100956] (marvelmind_ros2_msgs) StdoutLine: {'line': b'[ 70%] \x1b[32mBuilding CXX object CMakeFiles/marvelmind_ros2_msgs__rosidl_typesupport_fastrtps_cpp.dir/rosidl_typesupport_fastrtps_cpp/marvelmind_ros2_msgs/msg/detail/dds_fastrtps/hedge_quality__type_support.cpp.o\x1b[0m\n'}
[61.171292] (-) TimerEvent: {}
[61.226294] (marvelmind_ros2_msgs) StdoutLine: {'line': b'[ 70%] \x1b[32mBuilding CXX object CMakeFiles/marvelmind_ros2_msgs__rosidl_typesupport_introspection_cpp.dir/rosidl_typesupport_introspection_cpp/marvelmind_ros2_msgs/msg/detail/marvelmind_user_data__type_support.cpp.o\x1b[0m\n'}
[61.271584] (-) TimerEvent: {}
[61.372613] (-) TimerEvent: {}
[61.475940] (-) TimerEvent: {}
[61.576852] (-) TimerEvent: {}
[61.680656] (-) TimerEvent: {}
[61.781746] (-) TimerEvent: {}
[61.885861] (-) TimerEvent: {}
[61.989671] (-) TimerEvent: {}
[62.092807] (-) TimerEvent: {}
[62.197597] (-) TimerEvent: {}
[62.298620] (-) TimerEvent: {}
[62.320264] (marvelmind_ros2_msgs) StdoutLine: {'line': b'[ 70%] \x1b[32mBuilding CXX object CMakeFiles/marvelmind_ros2_msgs__rosidl_typesupport_cpp.dir/rosidl_typesupport_cpp/marvelmind_ros2_msgs/msg/hedge_telemetry__type_support.cpp.o\x1b[0m\n'}
[62.401259] (-) TimerEvent: {}
[62.502638] (-) TimerEvent: {}
[62.608265] (-) TimerEvent: {}
[62.709242] (-) TimerEvent: {}
[62.810219] (-) TimerEvent: {}
[62.917357] (-) TimerEvent: {}
[63.021242] (-) TimerEvent: {}
[63.123609] (-) TimerEvent: {}
[63.228234] (-) TimerEvent: {}
[63.332237] (-) TimerEvent: {}
[63.433221] (-) TimerEvent: {}
[63.539257] (-) TimerEvent: {}
[63.643922] (-) TimerEvent: {}
[63.745188] (-) TimerEvent: {}
[63.849640] (-) TimerEvent: {}
[63.953322] (-) TimerEvent: {}
[64.059489] (-) TimerEvent: {}
[64.162299] (-) TimerEvent: {}
[64.267400] (-) TimerEvent: {}
[64.371313] (-) TimerEvent: {}
[64.472320] (-) TimerEvent: {}
[64.519466] (marvelmind_ros2_msgs) StdoutLine: {'line': b'[ 71%] \x1b[32mBuilding CXX object CMakeFiles/marvelmind_ros2_msgs__rosidl_typesupport_introspection_cpp.dir/rosidl_typesupport_introspection_cpp/marvelmind_ros2_msgs/srv/detail/marvelmind_api__type_support.cpp.o\x1b[0m\n'}
[64.550529] (marvelmind_ros2_msgs) StdoutLine: {'line': b'[ 72%] \x1b[32mBuilding CXX object CMakeFiles/marvelmind_ros2_msgs__rosidl_typesupport_fastrtps_cpp.dir/rosidl_typesupport_fastrtps_cpp/marvelmind_ros2_msgs/msg/detail/dds_fastrtps/hedge_telemetry__type_support.cpp.o\x1b[0m\n'}
[64.573321] (-) TimerEvent: {}
[64.676263] (-) TimerEvent: {}
[64.777042] (-) TimerEvent: {}
[64.880244] (-) TimerEvent: {}
[64.981032] (-) TimerEvent: {}
[65.084270] (-) TimerEvent: {}
[65.185173] (-) TimerEvent: {}
[65.250392] (marvelmind_ros2_msgs) StdoutLine: {'line': b'[ 73%] \x1b[32mBuilding CXX object CMakeFiles/marvelmind_ros2_msgs__rosidl_typesupport_fastrtps_c.dir/rosidl_typesupport_fastrtps_c/marvelmind_ros2_msgs/msg/detail/hedge_imu_raw__type_support_c.cpp.o\x1b[0m\n'}
[65.287288] (-) TimerEvent: {}
[65.306571] (marvelmind_ros2_msgs) StdoutLine: {'line': b'[ 74%] \x1b[32mBuilding CXX object CMakeFiles/marvelmind_ros2_msgs__rosidl_typesupport_cpp.dir/rosidl_typesupport_cpp/marvelmind_ros2_msgs/msg/marvelmind_waypoint__type_support.cpp.o\x1b[0m\n'}
[65.389273] (-) TimerEvent: {}
[65.492684] (-) TimerEvent: {}
[65.598287] (-) TimerEvent: {}
[65.700269] (-) TimerEvent: {}
[65.804880] (-) TimerEvent: {}
[65.907628] (-) TimerEvent: {}
[66.011683] (-) TimerEvent: {}
[66.116261] (-) TimerEvent: {}
[66.217470] (-) TimerEvent: {}
[66.322745] (-) TimerEvent: {}
[66.423943] (-) TimerEvent: {}
[66.528267] (-) TimerEvent: {}
[66.629501] (-) TimerEvent: {}
[66.736403] (-) TimerEvent: {}
[66.837659] (-) TimerEvent: {}
[66.939122] (-) TimerEvent: {}
[67.042702] (-) TimerEvent: {}
[67.145317] (-) TimerEvent: {}
[67.249294] (-) TimerEvent: {}
[67.350266] (-) TimerEvent: {}
[67.454269] (-) TimerEvent: {}
[67.555288] (-) TimerEvent: {}
[67.657332] (-) TimerEvent: {}
[67.706898] (marvelmind_ros2_msgs) StdoutLine: {'line': b'[ 75%] \x1b[32mBuilding CXX object CMakeFiles/marvelmind_ros2_msgs__rosidl_typesupport_cpp.dir/rosidl_typesupport_cpp/marvelmind_ros2_msgs/msg/marvelmind_user_data__type_support.cpp.o\x1b[0m\n'}
[67.759277] (-) TimerEvent: {}
[67.862334] (-) TimerEvent: {}
[67.877274] (marvelmind_ros2_msgs) StdoutLine: {'line': b'[ 75%] \x1b[32mBuilding CXX object CMakeFiles/marvelmind_ros2_msgs__rosidl_typesupport_fastrtps_cpp.dir/rosidl_typesupport_fastrtps_cpp/marvelmind_ros2_msgs/msg/detail/dds_fastrtps/marvelmind_waypoint__type_support.cpp.o\x1b[0m\n'}
[67.965078] (-) TimerEvent: {}
[67.966364] (marvelmind_ros2_msgs) StdoutLine: {'line': b'[ 76%] \x1b[32m\x1b[1mLinking CXX shared library libmarvelmind_ros2_msgs__rosidl_typesupport_introspection_cpp.so\x1b[0m\n'}
[68.068311] (-) TimerEvent: {}
[68.170141] (-) TimerEvent: {}
[68.273327] (-) TimerEvent: {}
[68.374386] (-) TimerEvent: {}
[68.476254] (-) TimerEvent: {}
[68.491289] (marvelmind_ros2_msgs) StdoutLine: {'line': b'[ 76%] Built target marvelmind_ros2_msgs__rosidl_typesupport_introspection_cpp\n'}
[68.561268] (marvelmind_ros2_msgs) StdoutLine: {'line': b'[ 76%] \x1b[32mBuilding CXX object CMakeFiles/marvelmind_ros2_msgs__rosidl_typesupport_fastrtps_c.dir/rosidl_typesupport_fastrtps_c/marvelmind_ros2_msgs/msg/detail/hedge_position_addressed__type_support_c.cpp.o\x1b[0m\n'}
[68.576484] (-) TimerEvent: {}
[68.680589] (-) TimerEvent: {}
[68.781709] (-) TimerEvent: {}
[68.885250] (-) TimerEvent: {}
[68.933805] (marvelmind_ros2_msgs) StdoutLine: {'line': b'[ 77%] \x1b[32mBuilding CXX object CMakeFiles/marvelmind_ros2_msgs__rosidl_typesupport_fastrtps_c.dir/rosidl_typesupport_fastrtps_c/marvelmind_ros2_msgs/msg/detail/hedge_position_angle__type_support_c.cpp.o\x1b[0m\n'}
[68.987263] (-) TimerEvent: {}
[69.091749] (-) TimerEvent: {}
[69.193260] (-) TimerEvent: {}
[69.297287] (-) TimerEvent: {}
[69.398318] (-) TimerEvent: {}
[69.500267] (-) TimerEvent: {}
[69.605331] (-) TimerEvent: {}
[69.706786] (-) TimerEvent: {}
[69.811324] (-) TimerEvent: {}
[69.917246] (-) TimerEvent: {}
[70.020226] (-) TimerEvent: {}
[70.121171] (-) TimerEvent: {}
[70.223997] (-) TimerEvent: {}
[70.303513] (marvelmind_ros2_msgs) StdoutLine: {'line': b'[ 77%] \x1b[32mBuilding CXX object CMakeFiles/marvelmind_ros2_msgs__rosidl_typesupport_cpp.dir/rosidl_typesupport_cpp/marvelmind_ros2_msgs/srv/marvelmind_api__type_support.cpp.o\x1b[0m\n'}
[70.324315] (-) TimerEvent: {}
[70.428036] (-) TimerEvent: {}
[70.531336] (-) TimerEvent: {}
[70.635479] (-) TimerEvent: {}
[70.736549] (-) TimerEvent: {}
[70.840745] (-) TimerEvent: {}
[70.945950] (-) TimerEvent: {}
[71.050337] (-) TimerEvent: {}
[71.156698] (-) TimerEvent: {}
[71.257817] (-) TimerEvent: {}
[71.362116] (-) TimerEvent: {}
[71.465282] (-) TimerEvent: {}
[71.566413] (-) TimerEvent: {}
[71.670186] (-) TimerEvent: {}
[71.774314] (-) TimerEvent: {}
[71.875547] (-) TimerEvent: {}
[71.938669] (marvelmind_ros2_msgs) StdoutLine: {'line': b'[ 78%] \x1b[32mBuilding CXX object CMakeFiles/marvelmind_ros2_msgs__rosidl_typesupport_fastrtps_cpp.dir/rosidl_typesupport_fastrtps_cpp/marvelmind_ros2_msgs/msg/detail/dds_fastrtps/marvelmind_user_data__type_support.cpp.o\x1b[0m\n'}
[71.978357] (-) TimerEvent: {}
[72.079625] (-) TimerEvent: {}
[72.183265] (-) TimerEvent: {}
[72.284194] (-) TimerEvent: {}
[72.386244] (-) TimerEvent: {}
[72.462315] (marvelmind_ros2_msgs) StdoutLine: {'line': b'[ 79%] \x1b[32mBuilding CXX object CMakeFiles/marvelmind_ros2_msgs__rosidl_typesupport_fastrtps_c.dir/rosidl_typesupport_fastrtps_c/marvelmind_ros2_msgs/msg/detail/hedge_position__type_support_c.cpp.o\x1b[0m\n'}
[72.486493] (-) TimerEvent: {}
[72.590237] (-) TimerEvent: {}
[72.691265] (-) TimerEvent: {}
[72.795299] (-) TimerEvent: {}
[72.837360] (marvelmind_ros2_msgs) StdoutLine: {'line': b'[ 79%] \x1b[32mBuilding CXX object CMakeFiles/marvelmind_ros2_msgs__rosidl_typesupport_fastrtps_c.dir/rosidl_typesupport_fastrtps_c/marvelmind_ros2_msgs/msg/detail/hedge_quality__type_support_c.cpp.o\x1b[0m\n'}
[72.897258] (-) TimerEvent: {}
[73.000705] (-) TimerEvent: {}
[73.104089] (-) TimerEvent: {}
[73.207448] (-) TimerEvent: {}
[73.311263] (-) TimerEvent: {}
[73.412310] (-) TimerEvent: {}
[73.515325] (-) TimerEvent: {}
[73.619433] (-) TimerEvent: {}
[73.697170] (marvelmind_ros2_msgs) StdoutLine: {'line': b'[ 80%] \x1b[32m\x1b[1mLinking CXX shared library libmarvelmind_ros2_msgs__rosidl_typesupport_cpp.so\x1b[0m\n'}
[73.719718] (-) TimerEvent: {}
[73.824760] (-) TimerEvent: {}
[73.925839] (-) TimerEvent: {}
[74.034855] (-) TimerEvent: {}
[74.136227] (-) TimerEvent: {}
[74.237796] (-) TimerEvent: {}
[74.341430] (-) TimerEvent: {}
[74.415495] (marvelmind_ros2_msgs) StdoutLine: {'line': b'[ 80%] Built target marvelmind_ros2_msgs__rosidl_typesupport_cpp\n'}
[74.444299] (-) TimerEvent: {}
[74.481816] (marvelmind_ros2_msgs) StdoutLine: {'line': b'[ 81%] \x1b[32mBuilding CXX object CMakeFiles/marvelmind_ros2_msgs__rosidl_typesupport_fastrtps_c.dir/rosidl_typesupport_fastrtps_c/marvelmind_ros2_msgs/msg/detail/hedge_telemetry__type_support_c.cpp.o\x1b[0m\n'}
[74.544547] (-) TimerEvent: {}
[74.649301] (-) TimerEvent: {}
[74.754278] (-) TimerEvent: {}
[74.855290] (-) TimerEvent: {}
[74.959519] (-) TimerEvent: {}
[75.060502] (-) TimerEvent: {}
[75.167341] (-) TimerEvent: {}
[75.270724] (-) TimerEvent: {}
[75.374277] (-) TimerEvent: {}
[75.478322] (-) TimerEvent: {}
[75.579583] (-) TimerEvent: {}
[75.680701] (-) TimerEvent: {}
[75.786533] (-) TimerEvent: {}
[75.835736] (marvelmind_ros2_msgs) StdoutLine: {'line': b'[ 82%] \x1b[32mBuilding CXX object CMakeFiles/marvelmind_ros2_msgs__rosidl_typesupport_fastrtps_cpp.dir/rosidl_typesupport_fastrtps_cpp/marvelmind_ros2_msgs/srv/detail/dds_fastrtps/marvelmind_api__type_support.cpp.o\x1b[0m\n'}
[75.889706] (-) TimerEvent: {}
[75.995257] (-) TimerEvent: {}
[76.096246] (-) TimerEvent: {}
[76.117244] (marvelmind_ros2_msgs) StdoutLine: {'line': b'[ 83%] \x1b[32mBuilding CXX object CMakeFiles/marvelmind_ros2_msgs__rosidl_typesupport_fastrtps_c.dir/rosidl_typesupport_fastrtps_c/marvelmind_ros2_msgs/msg/detail/marvelmind_waypoint__type_support_c.cpp.o\x1b[0m\n'}
[76.198254] (-) TimerEvent: {}
[76.239225] (marvelmind_ros2_msgs) StdoutLine: {'line': b'[ 83%] \x1b[32mBuilding CXX object CMakeFiles/marvelmind_ros2_msgs__rosidl_typesupport_fastrtps_c.dir/rosidl_typesupport_fastrtps_c/marvelmind_ros2_msgs/msg/detail/marvelmind_user_data__type_support_c.cpp.o\x1b[0m\n'}
[76.298432] (-) TimerEvent: {}
[76.402226] (-) TimerEvent: {}
[76.505253] (-) TimerEvent: {}
[76.609644] (-) TimerEvent: {}
[76.716344] (-) TimerEvent: {}
[76.829273] (-) TimerEvent: {}
[76.941544] (-) TimerEvent: {}
[77.056230] (-) TimerEvent: {}
[77.171374] (-) TimerEvent: {}
[77.277280] (-) TimerEvent: {}
[77.385312] (-) TimerEvent: {}
[77.492240] (-) TimerEvent: {}
[77.596327] (-) TimerEvent: {}
[77.701641] (-) TimerEvent: {}
[77.807864] (-) TimerEvent: {}
[77.910882] (-) TimerEvent: {}
[78.015144] (-) TimerEvent: {}
[78.118162] (-) TimerEvent: {}
[78.222792] (-) TimerEvent: {}
[78.324141] (-) TimerEvent: {}
[78.427554] (-) TimerEvent: {}
[78.480450] (marvelmind_ros2_msgs) StdoutLine: {'line': b'[ 84%] \x1b[32mBuilding CXX object CMakeFiles/marvelmind_ros2_msgs__rosidl_typesupport_fastrtps_c.dir/rosidl_typesupport_fastrtps_c/marvelmind_ros2_msgs/srv/detail/marvelmind_api__type_support_c.cpp.o\x1b[0m\n'}
[78.532274] (-) TimerEvent: {}
[78.633216] (-) TimerEvent: {}
[78.737252] (-) TimerEvent: {}
[78.838182] (-) TimerEvent: {}
[78.942707] (-) TimerEvent: {}
[79.043692] (-) TimerEvent: {}
[79.147260] (-) TimerEvent: {}
[79.250281] (-) TimerEvent: {}
[79.353346] (-) TimerEvent: {}
[79.454500] (-) TimerEvent: {}
[79.558370] (-) TimerEvent: {}
[79.661251] (-) TimerEvent: {}
[79.762225] (-) TimerEvent: {}
[79.864019] (-) TimerEvent: {}
[79.966290] (-) TimerEvent: {}
[80.068284] (-) TimerEvent: {}
[80.170541] (-) TimerEvent: {}
[80.273397] (-) TimerEvent: {}
[80.375500] (-) TimerEvent: {}
[80.477130] (-) TimerEvent: {}
[80.577932] (-) TimerEvent: {}
[80.678957] (-) TimerEvent: {}
[80.779897] (-) TimerEvent: {}
[80.880884] (-) TimerEvent: {}
[80.981831] (-) TimerEvent: {}
[81.057490] (marvelmind_ros2_msgs) StdoutLine: {'line': b'[ 84%] \x1b[32m\x1b[1mLinking CXX shared library libmarvelmind_ros2_msgs__rosidl_typesupport_fastrtps_cpp.so\x1b[0m\n'}
[81.082197] (-) TimerEvent: {}
[81.183229] (-) TimerEvent: {}
[81.285342] (-) TimerEvent: {}
[81.387462] (-) TimerEvent: {}
[81.488476] (-) TimerEvent: {}
[81.528609] (marvelmind_ros2_msgs) StdoutLine: {'line': b'[ 84%] Built target marvelmind_ros2_msgs__rosidl_typesupport_fastrtps_cpp\n'}
[81.588674] (-) TimerEvent: {}
[81.666181] (marvelmind_ros2_msgs) StdoutLine: {'line': b'[ 85%] \x1b[32m\x1b[1mLinking CXX shared library libmarvelmind_ros2_msgs__rosidl_typesupport_fastrtps_c.so\x1b[0m\n'}
[81.688888] (-) TimerEvent: {}
[81.789662] (-) TimerEvent: {}
[81.890621] (-) TimerEvent: {}
[81.974160] (marvelmind_ros2_msgs) StdoutLine: {'line': b'[ 85%] Built target marvelmind_ros2_msgs__rosidl_typesupport_fastrtps_c\n'}
[81.990846] (-) TimerEvent: {}
[82.085152] (marvelmind_ros2_msgs) StdoutLine: {'line': b'[ 85%] Built target marvelmind_ros2_msgs\n'}
[82.091017] (-) TimerEvent: {}
[82.191825] (-) TimerEvent: {}
[82.196391] (marvelmind_ros2_msgs) StdoutLine: {'line': b'[ 86%] \x1b[34m\x1b[1mGenerating Python code for ROS interfaces\x1b[0m\n'}
[82.292004] (-) TimerEvent: {}
[82.392712] (-) TimerEvent: {}
[82.493395] (-) TimerEvent: {}
[82.594082] (-) TimerEvent: {}
[82.694725] (-) TimerEvent: {}
[82.795398] (-) TimerEvent: {}
[82.896013] (-) TimerEvent: {}
[82.996703] (-) TimerEvent: {}
[83.097835] (-) TimerEvent: {}
[83.198631] (-) TimerEvent: {}
[83.299772] (-) TimerEvent: {}
[83.400561] (-) TimerEvent: {}
[83.501445] (-) TimerEvent: {}
[83.603607] (-) TimerEvent: {}
[83.704854] (-) TimerEvent: {}
[83.808216] (-) TimerEvent: {}
[83.911198] (-) TimerEvent: {}
[84.014236] (-) TimerEvent: {}
[84.117433] (-) TimerEvent: {}
[84.218042] (-) TimerEvent: {}
[84.318682] (-) TimerEvent: {}
[84.419339] (-) TimerEvent: {}
[84.519975] (-) TimerEvent: {}
[84.620637] (-) TimerEvent: {}
[84.721309] (-) TimerEvent: {}
[84.821906] (-) TimerEvent: {}
[84.922581] (-) TimerEvent: {}
[85.023207] (-) TimerEvent: {}
[85.123853] (-) TimerEvent: {}
[85.224536] (-) TimerEvent: {}
[85.325199] (-) TimerEvent: {}
[85.425847] (-) TimerEvent: {}
[85.526536] (-) TimerEvent: {}
[85.627182] (-) TimerEvent: {}
[85.727765] (-) TimerEvent: {}
[85.828434] (-) TimerEvent: {}
[85.929038] (-) TimerEvent: {}
[86.029702] (-) TimerEvent: {}
[86.130397] (-) TimerEvent: {}
[86.231145] (-) TimerEvent: {}
[86.331849] (-) TimerEvent: {}
[86.432577] (-) TimerEvent: {}
[86.533280] (-) TimerEvent: {}
[86.634083] (-) TimerEvent: {}
[86.734735] (-) TimerEvent: {}
[86.835416] (-) TimerEvent: {}
[86.936021] (-) TimerEvent: {}
[87.036666] (-) TimerEvent: {}
[87.137299] (-) TimerEvent: {}
[87.237921] (-) TimerEvent: {}
[87.338695] (-) TimerEvent: {}
[87.441300] (-) TimerEvent: {}
[87.542340] (-) TimerEvent: {}
[87.644418] (-) TimerEvent: {}
[87.745567] (-) TimerEvent: {}
[87.804703] (marvelmind_ros2_msgs) StdoutLine: {'line': b'[ 86%] Built target marvelmind_ros2_msgs__py\n'}
[87.845774] (-) TimerEvent: {}
[87.928439] (marvelmind_ros2_msgs) StdoutLine: {'line': b'[ 87%] \x1b[32mBuilding C object CMakeFiles/marvelmind_ros2_msgs__rosidl_generator_py.dir/rosidl_generator_py/marvelmind_ros2_msgs/msg/_beacon_distance_s.c.o\x1b[0m\n'}
[87.930355] (marvelmind_ros2_msgs) StdoutLine: {'line': b'[ 87%] \x1b[32mBuilding C object CMakeFiles/marvelmind_ros2_msgs__rosidl_generator_py.dir/rosidl_generator_py/marvelmind_ros2_msgs/msg/_beacon_position_addressed_s.c.o\x1b[0m\n'}
[87.931409] (marvelmind_ros2_msgs) StdoutLine: {'line': b'[ 88%] \x1b[32mBuilding C object CMakeFiles/marvelmind_ros2_msgs__rosidl_generator_py.dir/rosidl_generator_py/marvelmind_ros2_msgs/msg/_hedge_imu_fusion_s.c.o\x1b[0m\n'}
[87.941274] (marvelmind_ros2_msgs) StdoutLine: {'line': b'[ 89%] \x1b[32mBuilding C object CMakeFiles/marvelmind_ros2_msgs__rosidl_generator_py.dir/rosidl_generator_py/marvelmind_ros2_msgs/msg/_hedge_imu_raw_s.c.o\x1b[0m\n'}
[87.947247] (-) TimerEvent: {}
[88.048226] (-) TimerEvent: {}
[88.151463] (-) TimerEvent: {}
[88.252251] (-) TimerEvent: {}
[88.356576] (-) TimerEvent: {}
[88.457936] (-) TimerEvent: {}
[88.563222] (-) TimerEvent: {}
[88.664324] (-) TimerEvent: {}
[88.767299] (-) TimerEvent: {}
[88.868874] (-) TimerEvent: {}
[88.947153] (marvelmind_ros2_msgs) StdoutLine: {'line': b'[ 90%] \x1b[32mBuilding C object CMakeFiles/marvelmind_ros2_msgs__rosidl_generator_py.dir/rosidl_generator_py/marvelmind_ros2_msgs/msg/_hedge_position_addressed_s.c.o\x1b[0m\n'}
[88.971355] (-) TimerEvent: {}
[88.984781] (marvelmind_ros2_msgs) StdoutLine: {'line': b'[ 91%] \x1b[32mBuilding C object CMakeFiles/marvelmind_ros2_msgs__rosidl_generator_py.dir/rosidl_generator_py/marvelmind_ros2_msgs/msg/_hedge_position_s.c.o\x1b[0m\n'}
[89.005427] (marvelmind_ros2_msgs) StdoutLine: {'line': b'[ 91%] \x1b[32mBuilding C object CMakeFiles/marvelmind_ros2_msgs__rosidl_generator_py.dir/rosidl_generator_py/marvelmind_ros2_msgs/msg/_hedge_position_angle_s.c.o\x1b[0m\n'}
[89.037281] (marvelmind_ros2_msgs) StdoutLine: {'line': b'[ 92%] \x1b[32mBuilding C object CMakeFiles/marvelmind_ros2_msgs__rosidl_generator_py.dir/rosidl_generator_py/marvelmind_ros2_msgs/msg/_hedge_quality_s.c.o\x1b[0m\n'}
[89.074280] (-) TimerEvent: {}
[89.175250] (-) TimerEvent: {}
[89.284482] (-) TimerEvent: {}
[89.392220] (-) TimerEvent: {}
[89.502244] (-) TimerEvent: {}
[89.607559] (-) TimerEvent: {}
[89.715827] (-) TimerEvent: {}
[89.830297] (-) TimerEvent: {}
[89.929258] (marvelmind_ros2_msgs) StdoutLine: {'line': b'[ 92%] \x1b[32mBuilding C object CMakeFiles/marvelmind_ros2_msgs__rosidl_generator_py.dir/rosidl_generator_py/marvelmind_ros2_msgs/msg/_hedge_telemetry_s.c.o\x1b[0m\n'}
[89.930529] (-) TimerEvent: {}
[90.038253] (-) TimerEvent: {}
[90.062467] (marvelmind_ros2_msgs) StdoutLine: {'line': b'[ 93%] \x1b[32mBuilding C object CMakeFiles/marvelmind_ros2_msgs__rosidl_generator_py.dir/rosidl_generator_py/marvelmind_ros2_msgs/msg/_marvelmind_waypoint_s.c.o\x1b[0m\n'}
[90.138501] (-) TimerEvent: {}
[90.171407] (marvelmind_ros2_msgs) StdoutLine: {'line': b'[ 94%] \x1b[32mBuilding C object CMakeFiles/marvelmind_ros2_msgs__rosidl_generator_py.dir/rosidl_generator_py/marvelmind_ros2_msgs/msg/_marvelmind_user_data_s.c.o\x1b[0m\n'}
[90.244285] (-) TimerEvent: {}
[90.345346] (-) TimerEvent: {}
[90.446287] (-) TimerEvent: {}
[90.551456] (-) TimerEvent: {}
[90.657289] (-) TimerEvent: {}
[90.684622] (marvelmind_ros2_msgs) StdoutLine: {'line': b'[ 94%] \x1b[32mBuilding C object CMakeFiles/marvelmind_ros2_msgs__rosidl_generator_py.dir/rosidl_generator_py/marvelmind_ros2_msgs/srv/_marvelmind_api_s.c.o\x1b[0m\n'}
[90.760252] (-) TimerEvent: {}
[90.861610] (-) TimerEvent: {}
[90.968322] (-) TimerEvent: {}
[91.069300] (-) TimerEvent: {}
[91.170386] (-) TimerEvent: {}
[91.271211] (-) TimerEvent: {}
[91.371877] (-) TimerEvent: {}
[91.472710] (-) TimerEvent: {}
[91.573554] (-) TimerEvent: {}
[91.632177] (marvelmind_ros2_msgs) StdoutLine: {'line': b'[ 95%] \x1b[32m\x1b[1mLinking C shared library libmarvelmind_ros2_msgs__rosidl_generator_py.so\x1b[0m\n'}
[91.673741] (-) TimerEvent: {}
[91.774515] (-) TimerEvent: {}
[91.875493] (-) TimerEvent: {}
[91.931203] (marvelmind_ros2_msgs) StdoutLine: {'line': b'[ 95%] Built target marvelmind_ros2_msgs__rosidl_generator_py\n'}
[91.975801] (-) TimerEvent: {}
[92.044837] (marvelmind_ros2_msgs) StdoutLine: {'line': b'[ 95%] \x1b[32mBuilding C object CMakeFiles/marvelmind_ros2_msgs_s__rosidl_typesupport_fastrtps_c.dir/rosidl_generator_py/marvelmind_ros2_msgs/_marvelmind_ros2_msgs_s.ep.rosidl_typesupport_fastrtps_c.c.o\x1b[0m\n'}
[92.048226] (marvelmind_ros2_msgs) StdoutLine: {'line': b'[ 96%] \x1b[32mBuilding C object CMakeFiles/marvelmind_ros2_msgs_s__rosidl_typesupport_introspection_c.dir/rosidl_generator_py/marvelmind_ros2_msgs/_marvelmind_ros2_msgs_s.ep.rosidl_typesupport_introspection_c.c.o\x1b[0m\n'}
[92.052099] (marvelmind_ros2_msgs) StdoutLine: {'line': b'[ 97%] \x1b[32mBuilding C object CMakeFiles/marvelmind_ros2_msgs_s__rosidl_typesupport_c.dir/rosidl_generator_py/marvelmind_ros2_msgs/_marvelmind_ros2_msgs_s.ep.rosidl_typesupport_c.c.o\x1b[0m\n'}
[92.076114] (-) TimerEvent: {}
[92.177210] (-) TimerEvent: {}
[92.277957] (-) TimerEvent: {}
[92.378864] (-) TimerEvent: {}
[92.479735] (-) TimerEvent: {}
[92.580804] (-) TimerEvent: {}
[92.682910] (-) TimerEvent: {}
[92.783965] (-) TimerEvent: {}
[92.829488] (marvelmind_ros2_msgs) StdoutLine: {'line': b'[ 98%] \x1b[32m\x1b[1mLinking C shared module rosidl_generator_py/marvelmind_ros2_msgs/marvelmind_ros2_msgs_s__rosidl_typesupport_c.so\x1b[0m\n'}
[92.869237] (marvelmind_ros2_msgs) StdoutLine: {'line': b'[100%] \x1b[32m\x1b[1mLinking C shared module rosidl_generator_py/marvelmind_ros2_msgs/marvelmind_ros2_msgs_s__rosidl_typesupport_fastrtps_c.so\x1b[0m\n'}
[92.870348] (marvelmind_ros2_msgs) StdoutLine: {'line': b'[100%] \x1b[32m\x1b[1mLinking C shared module rosidl_generator_py/marvelmind_ros2_msgs/marvelmind_ros2_msgs_s__rosidl_typesupport_introspection_c.so\x1b[0m\n'}
[92.886252] (-) TimerEvent: {}
[92.987118] (-) TimerEvent: {}
[93.029315] (marvelmind_ros2_msgs) StdoutLine: {'line': b'[100%] Built target marvelmind_ros2_msgs_s__rosidl_typesupport_c\n'}
[93.064353] (marvelmind_ros2_msgs) StdoutLine: {'line': b'[100%] Built target marvelmind_ros2_msgs_s__rosidl_typesupport_fastrtps_c\n'}
[93.068168] (marvelmind_ros2_msgs) StdoutLine: {'line': b'[100%] Built target marvelmind_ros2_msgs_s__rosidl_typesupport_introspection_c\n'}
[93.087207] (-) TimerEvent: {}
[93.134209] (marvelmind_ros2_msgs) CommandEnded: {'returncode': 0}
[93.136468] (marvelmind_ros2_msgs) JobProgress: {'identifier': 'marvelmind_ros2_msgs', 'progress': 'install'}
[93.179541] (marvelmind_ros2_msgs) Command: {'cmd': ['/usr/bin/cmake', '--install', '/home/hutalia/ROS2_Hutalia/ros2_ws/build/marvelmind_ros2_msgs'], 'cwd': '/home/hutalia/ROS2_Hutalia/ros2_ws/build/marvelmind_ros2_msgs', 'env': OrderedDict({'LESSOPEN': '| /usr/bin/lesspipe %s', 'USER': 'hutalia', 'SSH_CLIENT': '2a01:cb06:c011:eb78:e589:ea6c:aefc:5bd1 56475 22', 'XDG_SESSION_TYPE': 'tty', 'GIT_ASKPASS': '/home/hutalia/.vscode-server/cli/servers/Stable-8b640eef5a6c6089c029249d48efa5c99adf7d51/server/extensions/git/dist/askpass.sh', 'SHLVL': '1', 'LD_LIBRARY_PATH': '/opt/ros/jazzy/lib/aarch64-linux-gnu:/opt/ros/jazzy/lib', 'BROWSER': '/home/hutalia/.vscode-server/cli/servers/Stable-8b640eef5a6c6089c029249d48efa5c99adf7d51/server/bin/helpers/browser.sh', 'HOME': '/home/hutalia', 'OLDPWD': '/home/hutalia/ROS2_Hutalia/ros2_ws/src', 'TERM_PROGRAM_VERSION': '1.119.0', 'VSCODE_IPC_HOOK_CLI': '/run/user/1000/vscode-ipc-3fd95f3a-8a5c-4a75-9b42-b11f68cb7f34.sock', 'ROS_PYTHON_VERSION': '3', 'VSCODE_GIT_ASKPASS_MAIN': '/home/hutalia/.vscode-server/cli/servers/Stable-8b640eef5a6c6089c029249d48efa5c99adf7d51/server/extensions/git/dist/askpass-main.js', 'VSCODE_GIT_ASKPASS_NODE': '/home/hutalia/.vscode-server/cli/servers/Stable-8b640eef5a6c6089c029249d48efa5c99adf7d51/server/node', 'VSCODE_PYTHON_AUTOACTIVATE_GUARD': '1', 'DBUS_SESSION_BUS_ADDRESS': 'unix:path=/run/user/1000/bus', 'COLORTERM': 'truecolor', 'ROS_DISTRO': 'jazzy', 'LOGNAME': 'hutalia', '_': '/usr/bin/colcon', 'ROS_VERSION': '2', 'XDG_SESSION_CLASS': 'user', 'TERM': 'xterm-256color', 'XDG_SESSION_ID': '17', 'PATH': '/home/hutalia/.vscode-server/data/User/globalStorage/github.copilot-chat/debugCommand:/home/hutalia/.vscode-server/data/User/globalStorage/github.copilot-chat/copilotCli:/home/hutalia/.vscode-server/cli/servers/Stable-8b640eef5a6c6089c029249d48efa5c99adf7d51/server/bin/remote-cli:/home/hutalia/.local/bin:/opt/ros/jazzy/bin:/usr/local/sbin:/usr/local/bin:/usr/sbin:/usr/bin:/sbin:/bin:/usr/games:/usr/local/games:/snap/bin', 'XDG_RUNTIME_DIR': '/run/user/1000', 'LANG': 'C.UTF-8', 'LS_COLORS': 'rs=0:di=01;34:ln=01;36:mh=00:pi=40;33:so=01;35:do=01;35:bd=40;33;01:cd=40;33;01:or=40;31;01:mi=00:su=37;41:sg=30;43:ca=00:tw=30;42:ow=34;42:st=37;44:ex=01;32:*.tar=01;31:*.tgz=01;31:*.arc=01;31:*.arj=01;31:*.taz=01;31:*.lha=01;31:*.lz4=01;31:*.lzh=01;31:*.lzma=01;31:*.tlz=01;31:*.txz=01;31:*.tzo=01;31:*.t7z=01;31:*.zip=01;31:*.z=01;31:*.dz=01;31:*.gz=01;31:*.lrz=01;31:*.lz=01;31:*.lzo=01;31:*.xz=01;31:*.zst=01;31:*.tzst=01;31:*.bz2=01;31:*.bz=01;31:*.tbz=01;31:*.tbz2=01;31:*.tz=01;31:*.deb=01;31:*.rpm=01;31:*.jar=01;31:*.war=01;31:*.ear=01;31:*.sar=01;31:*.rar=01;31:*.alz=01;31:*.ace=01;31:*.zoo=01;31:*.cpio=01;31:*.7z=01;31:*.rz=01;31:*.cab=01;31:*.wim=01;31:*.swm=01;31:*.dwm=01;31:*.esd=01;31:*.avif=01;35:*.jpg=01;35:*.jpeg=01;35:*.mjpg=01;35:*.mjpeg=01;35:*.gif=01;35:*.bmp=01;35:*.pbm=01;35:*.pgm=01;35:*.ppm=01;35:*.tga=01;35:*.xbm=01;35:*.xpm=01;35:*.tif=01;35:*.tiff=01;35:*.png=01;35:*.svg=01;35:*.svgz=01;35:*.mng=01;35:*.pcx=01;35:*.mov=01;35:*.mpg=01;35:*.mpeg=01;35:*.m2v=01;35:*.mkv=01;35:*.webm=01;35:*.webp=01;35:*.ogm=01;35:*.mp4=01;35:*.m4v=01;35:*.mp4v=01;35:*.vob=01;35:*.qt=01;35:*.nuv=01;35:*.wmv=01;35:*.asf=01;35:*.rm=01;35:*.rmvb=01;35:*.flc=01;35:*.avi=01;35:*.fli=01;35:*.flv=01;35:*.gl=01;35:*.dl=01;35:*.xcf=01;35:*.xwd=01;35:*.yuv=01;35:*.cgm=01;35:*.emf=01;35:*.ogv=01;35:*.ogx=01;35:*.aac=00;36:*.au=00;36:*.flac=00;36:*.m4a=00;36:*.mid=00;36:*.midi=00;36:*.mka=00;36:*.mp3=00;36:*.mpc=00;36:*.ogg=00;36:*.ra=00;36:*.wav=00;36:*.oga=00;36:*.opus=00;36:*.spx=00;36:*.xspf=00;36:*~=00;90:*#=00;90:*.bak=00;90:*.crdownload=00;90:*.dpkg-dist=00;90:*.dpkg-new=00;90:*.dpkg-old=00;90:*.dpkg-tmp=00;90:*.old=00;90:*.orig=00;90:*.part=00;90:*.rej=00;90:*.rpmnew=00;90:*.rpmorig=00;90:*.rpmsave=00;90:*.swp=00;90:*.tmp=00;90:*.ucf-dist=00;90:*.ucf-new=00;90:*.ucf-old=00;90:', 'VSCODE_GIT_IPC_HANDLE': '/run/user/1000/vscode-git-539e04a5ba.sock', 'TERM_PROGRAM': 'vscode', 'AMENT_PREFIX_PATH': '/opt/ros/jazzy', 'SHELL': '/bin/bash', 'LESSCLOSE': '/usr/bin/lesspipe %s %s', 'ROS_AUTOMATIC_DISCOVERY_RANGE': 'SUBNET', 'VSCODE_GIT_ASKPASS_EXTRA_ARGS': '', 'PWD': '/home/hutalia/ROS2_Hutalia/ros2_ws/build/marvelmind_ros2_msgs', 'SSH_CONNECTION': '2a01:cb06:c011:eb78:e589:ea6c:aefc:5bd1 56475 2a01:cb06:c011:eb78:da3a:ddff:fe16:54b3 22', 'XDG_DATA_DIRS': '/usr/local/share:/usr/share:/var/lib/snapd/desktop', 'PYTHONPATH': '/opt/ros/jazzy/lib/python3.12/site-packages', 'COLCON': '1', 'CMAKE_PREFIX_PATH': '/opt/ros/jazzy'}), 'shell': False}
[93.187369] (-) TimerEvent: {}
[93.221429] (marvelmind_ros2_msgs) StdoutLine: {'line': b'-- Install configuration: ""\n'}
[93.223986] (marvelmind_ros2_msgs) StdoutLine: {'line': b'-- Execute custom install script\n'}
[93.225773] (marvelmind_ros2_msgs) StdoutLine: {'line': b'-- Symlinking: /home/hutalia/ROS2_Hutalia/ros2_ws/install/marvelmind_ros2_msgs/share/ament_index/resource_index/rosidl_interfaces/marvelmind_ros2_msgs\n'}
[93.269670] (marvelmind_ros2_msgs) StdoutLine: {'line': b'-- Symlinking: /home/hutalia/ROS2_Hutalia/ros2_ws/install/marvelmind_ros2_msgs/share/marvelmind_ros2_msgs/msg/BeaconDistance.json\n'}
[93.287564] (-) TimerEvent: {}
[93.313448] (marvelmind_ros2_msgs) StdoutLine: {'line': b'-- Symlinking: /home/hutalia/ROS2_Hutalia/ros2_ws/install/marvelmind_ros2_msgs/share/marvelmind_ros2_msgs/msg/BeaconPositionAddressed.json\n'}
[93.356681] (marvelmind_ros2_msgs) StdoutLine: {'line': b'-- Symlinking: /home/hutalia/ROS2_Hutalia/ros2_ws/install/marvelmind_ros2_msgs/share/marvelmind_ros2_msgs/msg/HedgeImuFusion.json\n'}
[93.387767] (-) TimerEvent: {}
[93.400583] (marvelmind_ros2_msgs) StdoutLine: {'line': b'-- Symlinking: /home/hutalia/ROS2_Hutalia/ros2_ws/install/marvelmind_ros2_msgs/share/marvelmind_ros2_msgs/msg/HedgeImuRaw.json\n'}
[93.444484] (marvelmind_ros2_msgs) StdoutLine: {'line': b'-- Symlinking: /home/hutalia/ROS2_Hutalia/ros2_ws/install/marvelmind_ros2_msgs/share/marvelmind_ros2_msgs/msg/HedgePositionAddressed.json\n'}
[93.487278] (marvelmind_ros2_msgs) StdoutLine: {'line': b'-- Symlinking: /home/hutalia/ROS2_Hutalia/ros2_ws/install/marvelmind_ros2_msgs/share/marvelmind_ros2_msgs/msg/HedgePositionAngle.json\n'}
[93.487938] (-) TimerEvent: {}
[93.531904] (marvelmind_ros2_msgs) StdoutLine: {'line': b'-- Symlinking: /home/hutalia/ROS2_Hutalia/ros2_ws/install/marvelmind_ros2_msgs/share/marvelmind_ros2_msgs/msg/HedgePosition.json\n'}
[93.576712] (marvelmind_ros2_msgs) StdoutLine: {'line': b'-- Symlinking: /home/hutalia/ROS2_Hutalia/ros2_ws/install/marvelmind_ros2_msgs/share/marvelmind_ros2_msgs/msg/HedgeQuality.json\n'}
[93.588239] (-) TimerEvent: {}
[93.621465] (marvelmind_ros2_msgs) StdoutLine: {'line': b'-- Symlinking: /home/hutalia/ROS2_Hutalia/ros2_ws/install/marvelmind_ros2_msgs/share/marvelmind_ros2_msgs/msg/HedgeTelemetry.json\n'}
[93.665607] (marvelmind_ros2_msgs) StdoutLine: {'line': b'-- Symlinking: /home/hutalia/ROS2_Hutalia/ros2_ws/install/marvelmind_ros2_msgs/share/marvelmind_ros2_msgs/msg/MarvelmindWaypoint.json\n'}
[93.688426] (-) TimerEvent: {}
[93.712170] (marvelmind_ros2_msgs) StdoutLine: {'line': b'-- Symlinking: /home/hutalia/ROS2_Hutalia/ros2_ws/install/marvelmind_ros2_msgs/share/marvelmind_ros2_msgs/msg/MarvelmindUserData.json\n'}
[93.756398] (marvelmind_ros2_msgs) StdoutLine: {'line': b'-- Symlinking: /home/hutalia/ROS2_Hutalia/ros2_ws/install/marvelmind_ros2_msgs/share/marvelmind_ros2_msgs/srv/MarvelmindAPI.json\n'}
[93.788630] (-) TimerEvent: {}
[93.811992] (marvelmind_ros2_msgs) StdoutLine: {'line': b'-- Symlinking: /home/hutalia/ROS2_Hutalia/ros2_ws/install/marvelmind_ros2_msgs/include/marvelmind_ros2_msgs/marvelmind_ros2_msgs/msg/beacon_distance.h\n'}
[93.856941] (marvelmind_ros2_msgs) StdoutLine: {'line': b'-- Symlinking: /home/hutalia/ROS2_Hutalia/ros2_ws/install/marvelmind_ros2_msgs/include/marvelmind_ros2_msgs/marvelmind_ros2_msgs/msg/beacon_position_addressed.h\n'}
[93.888843] (-) TimerEvent: {}
[93.903402] (marvelmind_ros2_msgs) StdoutLine: {'line': b'-- Symlinking: /home/hutalia/ROS2_Hutalia/ros2_ws/install/marvelmind_ros2_msgs/include/marvelmind_ros2_msgs/marvelmind_ros2_msgs/msg/detail/beacon_distance__functions.h\n'}
[93.945585] (marvelmind_ros2_msgs) StdoutLine: {'line': b'-- Symlinking: /home/hutalia/ROS2_Hutalia/ros2_ws/install/marvelmind_ros2_msgs/include/marvelmind_ros2_msgs/marvelmind_ros2_msgs/msg/detail/beacon_distance__struct.h\n'}
[93.988789] (marvelmind_ros2_msgs) StdoutLine: {'line': b'-- Symlinking: /home/hutalia/ROS2_Hutalia/ros2_ws/install/marvelmind_ros2_msgs/include/marvelmind_ros2_msgs/marvelmind_ros2_msgs/msg/detail/beacon_distance__type_support.h\n'}
[93.989490] (-) TimerEvent: {}
[94.032720] (marvelmind_ros2_msgs) StdoutLine: {'line': b'-- Symlinking: /home/hutalia/ROS2_Hutalia/ros2_ws/install/marvelmind_ros2_msgs/include/marvelmind_ros2_msgs/marvelmind_ros2_msgs/msg/detail/beacon_position_addressed__functions.h\n'}
[94.076419] (marvelmind_ros2_msgs) StdoutLine: {'line': b'-- Symlinking: /home/hutalia/ROS2_Hutalia/ros2_ws/install/marvelmind_ros2_msgs/include/marvelmind_ros2_msgs/marvelmind_ros2_msgs/msg/detail/beacon_position_addressed__struct.h\n'}
[94.089718] (-) TimerEvent: {}
[94.120280] (marvelmind_ros2_msgs) StdoutLine: {'line': b'-- Symlinking: /home/hutalia/ROS2_Hutalia/ros2_ws/install/marvelmind_ros2_msgs/include/marvelmind_ros2_msgs/marvelmind_ros2_msgs/msg/detail/beacon_position_addressed__type_support.h\n'}
[94.163147] (marvelmind_ros2_msgs) StdoutLine: {'line': b'-- Symlinking: /home/hutalia/ROS2_Hutalia/ros2_ws/install/marvelmind_ros2_msgs/include/marvelmind_ros2_msgs/marvelmind_ros2_msgs/msg/detail/hedge_imu_fusion__functions.h\n'}
[94.189902] (-) TimerEvent: {}
[94.206440] (marvelmind_ros2_msgs) StdoutLine: {'line': b'-- Symlinking: /home/hutalia/ROS2_Hutalia/ros2_ws/install/marvelmind_ros2_msgs/include/marvelmind_ros2_msgs/marvelmind_ros2_msgs/msg/detail/hedge_imu_fusion__struct.h\n'}
[94.250553] (marvelmind_ros2_msgs) StdoutLine: {'line': b'-- Symlinking: /home/hutalia/ROS2_Hutalia/ros2_ws/install/marvelmind_ros2_msgs/include/marvelmind_ros2_msgs/marvelmind_ros2_msgs/msg/detail/hedge_imu_fusion__type_support.h\n'}
[94.290154] (-) TimerEvent: {}
[94.294748] (marvelmind_ros2_msgs) StdoutLine: {'line': b'-- Symlinking: /home/hutalia/ROS2_Hutalia/ros2_ws/install/marvelmind_ros2_msgs/include/marvelmind_ros2_msgs/marvelmind_ros2_msgs/msg/detail/hedge_imu_raw__functions.h\n'}
[94.338699] (marvelmind_ros2_msgs) StdoutLine: {'line': b'-- Symlinking: /home/hutalia/ROS2_Hutalia/ros2_ws/install/marvelmind_ros2_msgs/include/marvelmind_ros2_msgs/marvelmind_ros2_msgs/msg/detail/hedge_imu_raw__struct.h\n'}
[94.381522] (marvelmind_ros2_msgs) StdoutLine: {'line': b'-- Symlinking: /home/hutalia/ROS2_Hutalia/ros2_ws/install/marvelmind_ros2_msgs/include/marvelmind_ros2_msgs/marvelmind_ros2_msgs/msg/detail/hedge_imu_raw__type_support.h\n'}
[94.390323] (-) TimerEvent: {}
[94.425550] (marvelmind_ros2_msgs) StdoutLine: {'line': b'-- Symlinking: /home/hutalia/ROS2_Hutalia/ros2_ws/install/marvelmind_ros2_msgs/include/marvelmind_ros2_msgs/marvelmind_ros2_msgs/msg/detail/hedge_position__functions.h\n'}
[94.469522] (marvelmind_ros2_msgs) StdoutLine: {'line': b'-- Symlinking: /home/hutalia/ROS2_Hutalia/ros2_ws/install/marvelmind_ros2_msgs/include/marvelmind_ros2_msgs/marvelmind_ros2_msgs/msg/detail/hedge_position__struct.h\n'}
[94.490497] (-) TimerEvent: {}
[94.514763] (marvelmind_ros2_msgs) StdoutLine: {'line': b'-- Symlinking: /home/hutalia/ROS2_Hutalia/ros2_ws/install/marvelmind_ros2_msgs/include/marvelmind_ros2_msgs/marvelmind_ros2_msgs/msg/detail/hedge_position__type_support.h\n'}
[94.559291] (marvelmind_ros2_msgs) StdoutLine: {'line': b'-- Symlinking: /home/hutalia/ROS2_Hutalia/ros2_ws/install/marvelmind_ros2_msgs/include/marvelmind_ros2_msgs/marvelmind_ros2_msgs/msg/detail/hedge_position_addressed__functions.h\n'}
[94.590690] (-) TimerEvent: {}
[94.604647] (marvelmind_ros2_msgs) StdoutLine: {'line': b'-- Symlinking: /home/hutalia/ROS2_Hutalia/ros2_ws/install/marvelmind_ros2_msgs/include/marvelmind_ros2_msgs/marvelmind_ros2_msgs/msg/detail/hedge_position_addressed__struct.h\n'}
[94.648908] (marvelmind_ros2_msgs) StdoutLine: {'line': b'-- Symlinking: /home/hutalia/ROS2_Hutalia/ros2_ws/install/marvelmind_ros2_msgs/include/marvelmind_ros2_msgs/marvelmind_ros2_msgs/msg/detail/hedge_position_addressed__type_support.h\n'}
[94.690872] (-) TimerEvent: {}
[94.692947] (marvelmind_ros2_msgs) StdoutLine: {'line': b'-- Symlinking: /home/hutalia/ROS2_Hutalia/ros2_ws/install/marvelmind_ros2_msgs/include/marvelmind_ros2_msgs/marvelmind_ros2_msgs/msg/detail/hedge_position_angle__functions.h\n'}
[94.736303] (marvelmind_ros2_msgs) StdoutLine: {'line': b'-- Symlinking: /home/hutalia/ROS2_Hutalia/ros2_ws/install/marvelmind_ros2_msgs/include/marvelmind_ros2_msgs/marvelmind_ros2_msgs/msg/detail/hedge_position_angle__struct.h\n'}
[94.780393] (marvelmind_ros2_msgs) StdoutLine: {'line': b'-- Symlinking: /home/hutalia/ROS2_Hutalia/ros2_ws/install/marvelmind_ros2_msgs/include/marvelmind_ros2_msgs/marvelmind_ros2_msgs/msg/detail/hedge_position_angle__type_support.h\n'}
[94.791139] (-) TimerEvent: {}
[94.824843] (marvelmind_ros2_msgs) StdoutLine: {'line': b'-- Symlinking: /home/hutalia/ROS2_Hutalia/ros2_ws/install/marvelmind_ros2_msgs/include/marvelmind_ros2_msgs/marvelmind_ros2_msgs/msg/detail/hedge_quality__functions.h\n'}
[94.868610] (marvelmind_ros2_msgs) StdoutLine: {'line': b'-- Symlinking: /home/hutalia/ROS2_Hutalia/ros2_ws/install/marvelmind_ros2_msgs/include/marvelmind_ros2_msgs/marvelmind_ros2_msgs/msg/detail/hedge_quality__struct.h\n'}
[94.891308] (-) TimerEvent: {}
[94.912472] (marvelmind_ros2_msgs) StdoutLine: {'line': b'-- Symlinking: /home/hutalia/ROS2_Hutalia/ros2_ws/install/marvelmind_ros2_msgs/include/marvelmind_ros2_msgs/marvelmind_ros2_msgs/msg/detail/hedge_quality__type_support.h\n'}
[94.959852] (marvelmind_ros2_msgs) StdoutLine: {'line': b'-- Symlinking: /home/hutalia/ROS2_Hutalia/ros2_ws/install/marvelmind_ros2_msgs/include/marvelmind_ros2_msgs/marvelmind_ros2_msgs/msg/detail/hedge_telemetry__functions.h\n'}
[94.991496] (-) TimerEvent: {}
[95.003736] (marvelmind_ros2_msgs) StdoutLine: {'line': b'-- Symlinking: /home/hutalia/ROS2_Hutalia/ros2_ws/install/marvelmind_ros2_msgs/include/marvelmind_ros2_msgs/marvelmind_ros2_msgs/msg/detail/hedge_telemetry__struct.h\n'}
[95.047164] (marvelmind_ros2_msgs) StdoutLine: {'line': b'-- Symlinking: /home/hutalia/ROS2_Hutalia/ros2_ws/install/marvelmind_ros2_msgs/include/marvelmind_ros2_msgs/marvelmind_ros2_msgs/msg/detail/hedge_telemetry__type_support.h\n'}
[95.091679] (-) TimerEvent: {}
[95.093013] (marvelmind_ros2_msgs) StdoutLine: {'line': b'-- Symlinking: /home/hutalia/ROS2_Hutalia/ros2_ws/install/marvelmind_ros2_msgs/include/marvelmind_ros2_msgs/marvelmind_ros2_msgs/msg/detail/marvelmind_user_data__functions.h\n'}
[95.136680] (marvelmind_ros2_msgs) StdoutLine: {'line': b'-- Symlinking: /home/hutalia/ROS2_Hutalia/ros2_ws/install/marvelmind_ros2_msgs/include/marvelmind_ros2_msgs/marvelmind_ros2_msgs/msg/detail/marvelmind_user_data__struct.h\n'}
[95.180108] (marvelmind_ros2_msgs) StdoutLine: {'line': b'-- Symlinking: /home/hutalia/ROS2_Hutalia/ros2_ws/install/marvelmind_ros2_msgs/include/marvelmind_ros2_msgs/marvelmind_ros2_msgs/msg/detail/marvelmind_user_data__type_support.h\n'}
[95.191867] (-) TimerEvent: {}
[95.224231] (marvelmind_ros2_msgs) StdoutLine: {'line': b'-- Symlinking: /home/hutalia/ROS2_Hutalia/ros2_ws/install/marvelmind_ros2_msgs/include/marvelmind_ros2_msgs/marvelmind_ros2_msgs/msg/detail/marvelmind_waypoint__functions.h\n'}
[95.268218] (marvelmind_ros2_msgs) StdoutLine: {'line': b'-- Symlinking: /home/hutalia/ROS2_Hutalia/ros2_ws/install/marvelmind_ros2_msgs/include/marvelmind_ros2_msgs/marvelmind_ros2_msgs/msg/detail/marvelmind_waypoint__struct.h\n'}
[95.292199] (-) TimerEvent: {}
[95.311861] (marvelmind_ros2_msgs) StdoutLine: {'line': b'-- Symlinking: /home/hutalia/ROS2_Hutalia/ros2_ws/install/marvelmind_ros2_msgs/include/marvelmind_ros2_msgs/marvelmind_ros2_msgs/msg/detail/marvelmind_waypoint__type_support.h\n'}
[95.355547] (marvelmind_ros2_msgs) StdoutLine: {'line': b'-- Symlinking: /home/hutalia/ROS2_Hutalia/ros2_ws/install/marvelmind_ros2_msgs/include/marvelmind_ros2_msgs/marvelmind_ros2_msgs/msg/hedge_imu_fusion.h\n'}
[95.392379] (-) TimerEvent: {}
[95.398863] (marvelmind_ros2_msgs) StdoutLine: {'line': b'-- Symlinking: /home/hutalia/ROS2_Hutalia/ros2_ws/install/marvelmind_ros2_msgs/include/marvelmind_ros2_msgs/marvelmind_ros2_msgs/msg/hedge_imu_raw.h\n'}
[95.443067] (marvelmind_ros2_msgs) StdoutLine: {'line': b'-- Symlinking: /home/hutalia/ROS2_Hutalia/ros2_ws/install/marvelmind_ros2_msgs/include/marvelmind_ros2_msgs/marvelmind_ros2_msgs/msg/hedge_position.h\n'}
[95.486751] (marvelmind_ros2_msgs) StdoutLine: {'line': b'-- Symlinking: /home/hutalia/ROS2_Hutalia/ros2_ws/install/marvelmind_ros2_msgs/include/marvelmind_ros2_msgs/marvelmind_ros2_msgs/msg/hedge_position_addressed.h\n'}
[95.492559] (-) TimerEvent: {}
[95.530702] (marvelmind_ros2_msgs) StdoutLine: {'line': b'-- Symlinking: /home/hutalia/ROS2_Hutalia/ros2_ws/install/marvelmind_ros2_msgs/include/marvelmind_ros2_msgs/marvelmind_ros2_msgs/msg/hedge_position_angle.h\n'}
[95.574088] (marvelmind_ros2_msgs) StdoutLine: {'line': b'-- Symlinking: /home/hutalia/ROS2_Hutalia/ros2_ws/install/marvelmind_ros2_msgs/include/marvelmind_ros2_msgs/marvelmind_ros2_msgs/msg/hedge_quality.h\n'}
[95.592770] (-) TimerEvent: {}
[95.618464] (marvelmind_ros2_msgs) StdoutLine: {'line': b'-- Symlinking: /home/hutalia/ROS2_Hutalia/ros2_ws/install/marvelmind_ros2_msgs/include/marvelmind_ros2_msgs/marvelmind_ros2_msgs/msg/hedge_telemetry.h\n'}
[95.661252] (marvelmind_ros2_msgs) StdoutLine: {'line': b'-- Symlinking: /home/hutalia/ROS2_Hutalia/ros2_ws/install/marvelmind_ros2_msgs/include/marvelmind_ros2_msgs/marvelmind_ros2_msgs/msg/marvelmind_user_data.h\n'}
[95.692984] (-) TimerEvent: {}
[95.706217] (marvelmind_ros2_msgs) StdoutLine: {'line': b'-- Symlinking: /home/hutalia/ROS2_Hutalia/ros2_ws/install/marvelmind_ros2_msgs/include/marvelmind_ros2_msgs/marvelmind_ros2_msgs/msg/marvelmind_waypoint.h\n'}
[95.751236] (marvelmind_ros2_msgs) StdoutLine: {'line': b'-- Symlinking: /home/hutalia/ROS2_Hutalia/ros2_ws/install/marvelmind_ros2_msgs/include/marvelmind_ros2_msgs/marvelmind_ros2_msgs/msg/rosidl_generator_c__visibility_control.h\n'}
[95.793247] (-) TimerEvent: {}
[95.797637] (marvelmind_ros2_msgs) StdoutLine: {'line': b'-- Symlinking: /home/hutalia/ROS2_Hutalia/ros2_ws/install/marvelmind_ros2_msgs/include/marvelmind_ros2_msgs/marvelmind_ros2_msgs/srv/detail/marvelmind_api__functions.h\n'}
[95.850839] (marvelmind_ros2_msgs) StdoutLine: {'line': b'-- Symlinking: /home/hutalia/ROS2_Hutalia/ros2_ws/install/marvelmind_ros2_msgs/include/marvelmind_ros2_msgs/marvelmind_ros2_msgs/srv/detail/marvelmind_api__struct.h\n'}
[95.893406] (-) TimerEvent: {}
[95.897624] (marvelmind_ros2_msgs) StdoutLine: {'line': b'-- Symlinking: /home/hutalia/ROS2_Hutalia/ros2_ws/install/marvelmind_ros2_msgs/include/marvelmind_ros2_msgs/marvelmind_ros2_msgs/srv/detail/marvelmind_api__type_support.h\n'}
[95.953644] (marvelmind_ros2_msgs) StdoutLine: {'line': b'-- Symlinking: /home/hutalia/ROS2_Hutalia/ros2_ws/install/marvelmind_ros2_msgs/include/marvelmind_ros2_msgs/marvelmind_ros2_msgs/srv/marvelmind_api.h\n'}
[95.995213] (-) TimerEvent: {}
[96.002170] (marvelmind_ros2_msgs) StdoutLine: {'line': b'-- Symlinking: /home/hutalia/ROS2_Hutalia/ros2_ws/install/marvelmind_ros2_msgs/share/marvelmind_ros2_msgs/environment/library_path.sh\n'}
[96.052622] (marvelmind_ros2_msgs) StdoutLine: {'line': b'-- Symlinking: /home/hutalia/ROS2_Hutalia/ros2_ws/install/marvelmind_ros2_msgs/share/marvelmind_ros2_msgs/environment/library_path.dsv\n'}
[96.095568] (-) TimerEvent: {}
[96.111299] (marvelmind_ros2_msgs) StdoutLine: {'line': b'-- Symlinking: /home/hutalia/ROS2_Hutalia/ros2_ws/install/marvelmind_ros2_msgs/include/marvelmind_ros2_msgs/marvelmind_ros2_msgs/msg/detail/beacon_distance__rosidl_typesupport_fastrtps_c.h\n'}
[96.156214] (marvelmind_ros2_msgs) StdoutLine: {'line': b'-- Symlinking: /home/hutalia/ROS2_Hutalia/ros2_ws/install/marvelmind_ros2_msgs/include/marvelmind_ros2_msgs/marvelmind_ros2_msgs/msg/detail/beacon_position_addressed__rosidl_typesupport_fastrtps_c.h\n'}
[96.195773] (-) TimerEvent: {}
[96.203962] (marvelmind_ros2_msgs) StdoutLine: {'line': b'-- Symlinking: /home/hutalia/ROS2_Hutalia/ros2_ws/install/marvelmind_ros2_msgs/include/marvelmind_ros2_msgs/marvelmind_ros2_msgs/msg/detail/hedge_imu_fusion__rosidl_typesupport_fastrtps_c.h\n'}
[96.248112] (marvelmind_ros2_msgs) StdoutLine: {'line': b'-- Symlinking: /home/hutalia/ROS2_Hutalia/ros2_ws/install/marvelmind_ros2_msgs/include/marvelmind_ros2_msgs/marvelmind_ros2_msgs/msg/detail/hedge_imu_raw__rosidl_typesupport_fastrtps_c.h\n'}
[96.294685] (marvelmind_ros2_msgs) StdoutLine: {'line': b'-- Symlinking: /home/hutalia/ROS2_Hutalia/ros2_ws/install/marvelmind_ros2_msgs/include/marvelmind_ros2_msgs/marvelmind_ros2_msgs/msg/detail/hedge_position__rosidl_typesupport_fastrtps_c.h\n'}
[96.295894] (-) TimerEvent: {}
[96.341620] (marvelmind_ros2_msgs) StdoutLine: {'line': b'-- Symlinking: /home/hutalia/ROS2_Hutalia/ros2_ws/install/marvelmind_ros2_msgs/include/marvelmind_ros2_msgs/marvelmind_ros2_msgs/msg/detail/hedge_position_addressed__rosidl_typesupport_fastrtps_c.h\n'}
[96.390183] (marvelmind_ros2_msgs) StdoutLine: {'line': b'-- Symlinking: /home/hutalia/ROS2_Hutalia/ros2_ws/install/marvelmind_ros2_msgs/include/marvelmind_ros2_msgs/marvelmind_ros2_msgs/msg/detail/hedge_position_angle__rosidl_typesupport_fastrtps_c.h\n'}
[96.396106] (-) TimerEvent: {}
[96.438511] (marvelmind_ros2_msgs) StdoutLine: {'line': b'-- Symlinking: /home/hutalia/ROS2_Hutalia/ros2_ws/install/marvelmind_ros2_msgs/include/marvelmind_ros2_msgs/marvelmind_ros2_msgs/msg/detail/hedge_quality__rosidl_typesupport_fastrtps_c.h\n'}
[96.485205] (marvelmind_ros2_msgs) StdoutLine: {'line': b'-- Symlinking: /home/hutalia/ROS2_Hutalia/ros2_ws/install/marvelmind_ros2_msgs/include/marvelmind_ros2_msgs/marvelmind_ros2_msgs/msg/detail/hedge_telemetry__rosidl_typesupport_fastrtps_c.h\n'}
[96.496272] (-) TimerEvent: {}
[96.535124] (marvelmind_ros2_msgs) StdoutLine: {'line': b'-- Symlinking: /home/hutalia/ROS2_Hutalia/ros2_ws/install/marvelmind_ros2_msgs/include/marvelmind_ros2_msgs/marvelmind_ros2_msgs/msg/detail/marvelmind_user_data__rosidl_typesupport_fastrtps_c.h\n'}
[96.585215] (marvelmind_ros2_msgs) StdoutLine: {'line': b'-- Symlinking: /home/hutalia/ROS2_Hutalia/ros2_ws/install/marvelmind_ros2_msgs/include/marvelmind_ros2_msgs/marvelmind_ros2_msgs/msg/detail/marvelmind_waypoint__rosidl_typesupport_fastrtps_c.h\n'}
[96.596436] (-) TimerEvent: {}
[96.632872] (marvelmind_ros2_msgs) StdoutLine: {'line': b'-- Symlinking: /home/hutalia/ROS2_Hutalia/ros2_ws/install/marvelmind_ros2_msgs/include/marvelmind_ros2_msgs/marvelmind_ros2_msgs/msg/rosidl_typesupport_fastrtps_c__visibility_control.h\n'}
[96.687537] (marvelmind_ros2_msgs) StdoutLine: {'line': b'-- Symlinking: /home/hutalia/ROS2_Hutalia/ros2_ws/install/marvelmind_ros2_msgs/include/marvelmind_ros2_msgs/marvelmind_ros2_msgs/srv/detail/marvelmind_api__rosidl_typesupport_fastrtps_c.h\n'}
[96.696786] (-) TimerEvent: {}
[96.761588] (marvelmind_ros2_msgs) StdoutLine: {'line': b'-- Symlinking: /home/hutalia/ROS2_Hutalia/ros2_ws/install/marvelmind_ros2_msgs/include/marvelmind_ros2_msgs/marvelmind_ros2_msgs/msg/detail/beacon_distance__rosidl_typesupport_introspection_c.h\n'}
[96.797238] (-) TimerEvent: {}
[96.831306] (marvelmind_ros2_msgs) StdoutLine: {'line': b'-- Symlinking: /home/hutalia/ROS2_Hutalia/ros2_ws/install/marvelmind_ros2_msgs/include/marvelmind_ros2_msgs/marvelmind_ros2_msgs/msg/detail/beacon_position_addressed__rosidl_typesupport_introspection_c.h\n'}
[96.878664] (marvelmind_ros2_msgs) StdoutLine: {'line': b'-- Symlinking: /home/hutalia/ROS2_Hutalia/ros2_ws/install/marvelmind_ros2_msgs/include/marvelmind_ros2_msgs/marvelmind_ros2_msgs/msg/detail/hedge_imu_fusion__rosidl_typesupport_introspection_c.h\n'}
[96.897389] (-) TimerEvent: {}
[96.922125] (marvelmind_ros2_msgs) StdoutLine: {'line': b'-- Symlinking: /home/hutalia/ROS2_Hutalia/ros2_ws/install/marvelmind_ros2_msgs/include/marvelmind_ros2_msgs/marvelmind_ros2_msgs/msg/detail/hedge_imu_raw__rosidl_typesupport_introspection_c.h\n'}
[96.967279] (marvelmind_ros2_msgs) StdoutLine: {'line': b'-- Symlinking: /home/hutalia/ROS2_Hutalia/ros2_ws/install/marvelmind_ros2_msgs/include/marvelmind_ros2_msgs/marvelmind_ros2_msgs/msg/detail/hedge_position__rosidl_typesupport_introspection_c.h\n'}
[96.997576] (-) TimerEvent: {}
[97.011397] (marvelmind_ros2_msgs) StdoutLine: {'line': b'-- Symlinking: /home/hutalia/ROS2_Hutalia/ros2_ws/install/marvelmind_ros2_msgs/include/marvelmind_ros2_msgs/marvelmind_ros2_msgs/msg/detail/hedge_position_addressed__rosidl_typesupport_introspection_c.h\n'}
[97.055225] (marvelmind_ros2_msgs) StdoutLine: {'line': b'-- Symlinking: /home/hutalia/ROS2_Hutalia/ros2_ws/install/marvelmind_ros2_msgs/include/marvelmind_ros2_msgs/marvelmind_ros2_msgs/msg/detail/hedge_position_angle__rosidl_typesupport_introspection_c.h\n'}
[97.097759] (-) TimerEvent: {}
[97.099164] (marvelmind_ros2_msgs) StdoutLine: {'line': b'-- Symlinking: /home/hutalia/ROS2_Hutalia/ros2_ws/install/marvelmind_ros2_msgs/include/marvelmind_ros2_msgs/marvelmind_ros2_msgs/msg/detail/hedge_quality__rosidl_typesupport_introspection_c.h\n'}
[97.144023] (marvelmind_ros2_msgs) StdoutLine: {'line': b'-- Symlinking: /home/hutalia/ROS2_Hutalia/ros2_ws/install/marvelmind_ros2_msgs/include/marvelmind_ros2_msgs/marvelmind_ros2_msgs/msg/detail/hedge_telemetry__rosidl_typesupport_introspection_c.h\n'}
[97.187308] (marvelmind_ros2_msgs) StdoutLine: {'line': b'-- Symlinking: /home/hutalia/ROS2_Hutalia/ros2_ws/install/marvelmind_ros2_msgs/include/marvelmind_ros2_msgs/marvelmind_ros2_msgs/msg/detail/marvelmind_user_data__rosidl_typesupport_introspection_c.h\n'}
[97.197950] (-) TimerEvent: {}
[97.231834] (marvelmind_ros2_msgs) StdoutLine: {'line': b'-- Symlinking: /home/hutalia/ROS2_Hutalia/ros2_ws/install/marvelmind_ros2_msgs/include/marvelmind_ros2_msgs/marvelmind_ros2_msgs/msg/detail/marvelmind_waypoint__rosidl_typesupport_introspection_c.h\n'}
[97.275768] (marvelmind_ros2_msgs) StdoutLine: {'line': b'-- Symlinking: /home/hutalia/ROS2_Hutalia/ros2_ws/install/marvelmind_ros2_msgs/include/marvelmind_ros2_msgs/marvelmind_ros2_msgs/msg/rosidl_typesupport_introspection_c__visibility_control.h\n'}
[97.298177] (-) TimerEvent: {}
[97.319499] (marvelmind_ros2_msgs) StdoutLine: {'line': b'-- Symlinking: /home/hutalia/ROS2_Hutalia/ros2_ws/install/marvelmind_ros2_msgs/include/marvelmind_ros2_msgs/marvelmind_ros2_msgs/srv/detail/marvelmind_api__rosidl_typesupport_introspection_c.h\n'}
[97.372337] (marvelmind_ros2_msgs) StdoutLine: {'line': b'-- Symlinking: /home/hutalia/ROS2_Hutalia/ros2_ws/install/marvelmind_ros2_msgs/include/marvelmind_ros2_msgs/marvelmind_ros2_msgs/msg/beacon_distance.hpp\n'}
[97.398368] (-) TimerEvent: {}
[97.416346] (marvelmind_ros2_msgs) StdoutLine: {'line': b'-- Symlinking: /home/hutalia/ROS2_Hutalia/ros2_ws/install/marvelmind_ros2_msgs/include/marvelmind_ros2_msgs/marvelmind_ros2_msgs/msg/beacon_position_addressed.hpp\n'}
[97.459654] (marvelmind_ros2_msgs) StdoutLine: {'line': b'-- Symlinking: /home/hutalia/ROS2_Hutalia/ros2_ws/install/marvelmind_ros2_msgs/include/marvelmind_ros2_msgs/marvelmind_ros2_msgs/msg/detail/beacon_distance__builder.hpp\n'}
[97.498586] (-) TimerEvent: {}
[97.504898] (marvelmind_ros2_msgs) StdoutLine: {'line': b'-- Symlinking: /home/hutalia/ROS2_Hutalia/ros2_ws/install/marvelmind_ros2_msgs/include/marvelmind_ros2_msgs/marvelmind_ros2_msgs/msg/detail/beacon_distance__struct.hpp\n'}
[97.549026] (marvelmind_ros2_msgs) StdoutLine: {'line': b'-- Symlinking: /home/hutalia/ROS2_Hutalia/ros2_ws/install/marvelmind_ros2_msgs/include/marvelmind_ros2_msgs/marvelmind_ros2_msgs/msg/detail/beacon_distance__traits.hpp\n'}
[97.592407] (marvelmind_ros2_msgs) StdoutLine: {'line': b'-- Symlinking: /home/hutalia/ROS2_Hutalia/ros2_ws/install/marvelmind_ros2_msgs/include/marvelmind_ros2_msgs/marvelmind_ros2_msgs/msg/detail/beacon_distance__type_support.hpp\n'}
[97.598768] (-) TimerEvent: {}
[97.636514] (marvelmind_ros2_msgs) StdoutLine: {'line': b'-- Symlinking: /home/hutalia/ROS2_Hutalia/ros2_ws/install/marvelmind_ros2_msgs/include/marvelmind_ros2_msgs/marvelmind_ros2_msgs/msg/detail/beacon_position_addressed__builder.hpp\n'}
[97.680956] (marvelmind_ros2_msgs) StdoutLine: {'line': b'-- Symlinking: /home/hutalia/ROS2_Hutalia/ros2_ws/install/marvelmind_ros2_msgs/include/marvelmind_ros2_msgs/marvelmind_ros2_msgs/msg/detail/beacon_position_addressed__struct.hpp\n'}
[97.698965] (-) TimerEvent: {}
[97.724435] (marvelmind_ros2_msgs) StdoutLine: {'line': b'-- Symlinking: /home/hutalia/ROS2_Hutalia/ros2_ws/install/marvelmind_ros2_msgs/include/marvelmind_ros2_msgs/marvelmind_ros2_msgs/msg/detail/beacon_position_addressed__traits.hpp\n'}
[97.769192] (marvelmind_ros2_msgs) StdoutLine: {'line': b'-- Symlinking: /home/hutalia/ROS2_Hutalia/ros2_ws/install/marvelmind_ros2_msgs/include/marvelmind_ros2_msgs/marvelmind_ros2_msgs/msg/detail/beacon_position_addressed__type_support.hpp\n'}
[97.799232] (-) TimerEvent: {}
[97.813285] (marvelmind_ros2_msgs) StdoutLine: {'line': b'-- Symlinking: /home/hutalia/ROS2_Hutalia/ros2_ws/install/marvelmind_ros2_msgs/include/marvelmind_ros2_msgs/marvelmind_ros2_msgs/msg/detail/hedge_imu_fusion__builder.hpp\n'}
[97.858365] (marvelmind_ros2_msgs) StdoutLine: {'line': b'-- Symlinking: /home/hutalia/ROS2_Hutalia/ros2_ws/install/marvelmind_ros2_msgs/include/marvelmind_ros2_msgs/marvelmind_ros2_msgs/msg/detail/hedge_imu_fusion__struct.hpp\n'}
[97.899474] (-) TimerEvent: {}
[97.902152] (marvelmind_ros2_msgs) StdoutLine: {'line': b'-- Symlinking: /home/hutalia/ROS2_Hutalia/ros2_ws/install/marvelmind_ros2_msgs/include/marvelmind_ros2_msgs/marvelmind_ros2_msgs/msg/detail/hedge_imu_fusion__traits.hpp\n'}
[97.945761] (marvelmind_ros2_msgs) StdoutLine: {'line': b'-- Symlinking: /home/hutalia/ROS2_Hutalia/ros2_ws/install/marvelmind_ros2_msgs/include/marvelmind_ros2_msgs/marvelmind_ros2_msgs/msg/detail/hedge_imu_fusion__type_support.hpp\n'}
[97.989102] (marvelmind_ros2_msgs) StdoutLine: {'line': b'-- Symlinking: /home/hutalia/ROS2_Hutalia/ros2_ws/install/marvelmind_ros2_msgs/include/marvelmind_ros2_msgs/marvelmind_ros2_msgs/msg/detail/hedge_imu_raw__builder.hpp\n'}
[97.999666] (-) TimerEvent: {}
[98.034915] (marvelmind_ros2_msgs) StdoutLine: {'line': b'-- Symlinking: /home/hutalia/ROS2_Hutalia/ros2_ws/install/marvelmind_ros2_msgs/include/marvelmind_ros2_msgs/marvelmind_ros2_msgs/msg/detail/hedge_imu_raw__struct.hpp\n'}
[98.079627] (marvelmind_ros2_msgs) StdoutLine: {'line': b'-- Symlinking: /home/hutalia/ROS2_Hutalia/ros2_ws/install/marvelmind_ros2_msgs/include/marvelmind_ros2_msgs/marvelmind_ros2_msgs/msg/detail/hedge_imu_raw__traits.hpp\n'}
[98.099902] (-) TimerEvent: {}
[98.124156] (marvelmind_ros2_msgs) StdoutLine: {'line': b'-- Symlinking: /home/hutalia/ROS2_Hutalia/ros2_ws/install/marvelmind_ros2_msgs/include/marvelmind_ros2_msgs/marvelmind_ros2_msgs/msg/detail/hedge_imu_raw__type_support.hpp\n'}
[98.168122] (marvelmind_ros2_msgs) StdoutLine: {'line': b'-- Symlinking: /home/hutalia/ROS2_Hutalia/ros2_ws/install/marvelmind_ros2_msgs/include/marvelmind_ros2_msgs/marvelmind_ros2_msgs/msg/detail/hedge_position__builder.hpp\n'}
[98.200132] (-) TimerEvent: {}
[98.213164] (marvelmind_ros2_msgs) StdoutLine: {'line': b'-- Symlinking: /home/hutalia/ROS2_Hutalia/ros2_ws/install/marvelmind_ros2_msgs/include/marvelmind_ros2_msgs/marvelmind_ros2_msgs/msg/detail/hedge_position__struct.hpp\n'}
[98.256406] (marvelmind_ros2_msgs) StdoutLine: {'line': b'-- Symlinking: /home/hutalia/ROS2_Hutalia/ros2_ws/install/marvelmind_ros2_msgs/include/marvelmind_ros2_msgs/marvelmind_ros2_msgs/msg/detail/hedge_position__traits.hpp\n'}
[98.299124] (marvelmind_ros2_msgs) StdoutLine: {'line': b'-- Symlinking: /home/hutalia/ROS2_Hutalia/ros2_ws/install/marvelmind_ros2_msgs/include/marvelmind_ros2_msgs/marvelmind_ros2_msgs/msg/detail/hedge_position__type_support.hpp\n'}
[98.300237] (-) TimerEvent: {}
[98.343475] (marvelmind_ros2_msgs) StdoutLine: {'line': b'-- Symlinking: /home/hutalia/ROS2_Hutalia/ros2_ws/install/marvelmind_ros2_msgs/include/marvelmind_ros2_msgs/marvelmind_ros2_msgs/msg/detail/hedge_position_addressed__builder.hpp\n'}
[98.388038] (marvelmind_ros2_msgs) StdoutLine: {'line': b'-- Symlinking: /home/hutalia/ROS2_Hutalia/ros2_ws/install/marvelmind_ros2_msgs/include/marvelmind_ros2_msgs/marvelmind_ros2_msgs/msg/detail/hedge_position_addressed__struct.hpp\n'}
[98.400444] (-) TimerEvent: {}
[98.432732] (marvelmind_ros2_msgs) StdoutLine: {'line': b'-- Symlinking: /home/hutalia/ROS2_Hutalia/ros2_ws/install/marvelmind_ros2_msgs/include/marvelmind_ros2_msgs/marvelmind_ros2_msgs/msg/detail/hedge_position_addressed__traits.hpp\n'}
[98.476095] (marvelmind_ros2_msgs) StdoutLine: {'line': b'-- Symlinking: /home/hutalia/ROS2_Hutalia/ros2_ws/install/marvelmind_ros2_msgs/include/marvelmind_ros2_msgs/marvelmind_ros2_msgs/msg/detail/hedge_position_addressed__type_support.hpp\n'}
[98.500630] (-) TimerEvent: {}
[98.522120] (marvelmind_ros2_msgs) StdoutLine: {'line': b'-- Symlinking: /home/hutalia/ROS2_Hutalia/ros2_ws/install/marvelmind_ros2_msgs/include/marvelmind_ros2_msgs/marvelmind_ros2_msgs/msg/detail/hedge_position_angle__builder.hpp\n'}
[98.565729] (marvelmind_ros2_msgs) StdoutLine: {'line': b'-- Symlinking: /home/hutalia/ROS2_Hutalia/ros2_ws/install/marvelmind_ros2_msgs/include/marvelmind_ros2_msgs/marvelmind_ros2_msgs/msg/detail/hedge_position_angle__struct.hpp\n'}
[98.600826] (-) TimerEvent: {}
[98.610416] (marvelmind_ros2_msgs) StdoutLine: {'line': b'-- Symlinking: /home/hutalia/ROS2_Hutalia/ros2_ws/install/marvelmind_ros2_msgs/include/marvelmind_ros2_msgs/marvelmind_ros2_msgs/msg/detail/hedge_position_angle__traits.hpp\n'}
[98.654977] (marvelmind_ros2_msgs) StdoutLine: {'line': b'-- Symlinking: /home/hutalia/ROS2_Hutalia/ros2_ws/install/marvelmind_ros2_msgs/include/marvelmind_ros2_msgs/marvelmind_ros2_msgs/msg/detail/hedge_position_angle__type_support.hpp\n'}
[98.698807] (marvelmind_ros2_msgs) StdoutLine: {'line': b'-- Symlinking: /home/hutalia/ROS2_Hutalia/ros2_ws/install/marvelmind_ros2_msgs/include/marvelmind_ros2_msgs/marvelmind_ros2_msgs/msg/detail/hedge_quality__builder.hpp\n'}
[98.700984] (-) TimerEvent: {}
[98.746310] (marvelmind_ros2_msgs) StdoutLine: {'line': b'-- Symlinking: /home/hutalia/ROS2_Hutalia/ros2_ws/install/marvelmind_ros2_msgs/include/marvelmind_ros2_msgs/marvelmind_ros2_msgs/msg/detail/hedge_quality__struct.hpp\n'}
[98.789706] (marvelmind_ros2_msgs) StdoutLine: {'line': b'-- Symlinking: /home/hutalia/ROS2_Hutalia/ros2_ws/install/marvelmind_ros2_msgs/include/marvelmind_ros2_msgs/marvelmind_ros2_msgs/msg/detail/hedge_quality__traits.hpp\n'}
[98.801230] (-) TimerEvent: {}
[98.837109] (marvelmind_ros2_msgs) StdoutLine: {'line': b'-- Symlinking: /home/hutalia/ROS2_Hutalia/ros2_ws/install/marvelmind_ros2_msgs/include/marvelmind_ros2_msgs/marvelmind_ros2_msgs/msg/detail/hedge_quality__type_support.hpp\n'}
[98.882306] (marvelmind_ros2_msgs) StdoutLine: {'line': b'-- Symlinking: /home/hutalia/ROS2_Hutalia/ros2_ws/install/marvelmind_ros2_msgs/include/marvelmind_ros2_msgs/marvelmind_ros2_msgs/msg/detail/hedge_telemetry__builder.hpp\n'}
[98.901470] (-) TimerEvent: {}
[98.926585] (marvelmind_ros2_msgs) StdoutLine: {'line': b'-- Symlinking: /home/hutalia/ROS2_Hutalia/ros2_ws/install/marvelmind_ros2_msgs/include/marvelmind_ros2_msgs/marvelmind_ros2_msgs/msg/detail/hedge_telemetry__struct.hpp\n'}
[98.971139] (marvelmind_ros2_msgs) StdoutLine: {'line': b'-- Symlinking: /home/hutalia/ROS2_Hutalia/ros2_ws/install/marvelmind_ros2_msgs/include/marvelmind_ros2_msgs/marvelmind_ros2_msgs/msg/detail/hedge_telemetry__traits.hpp\n'}
[99.001696] (-) TimerEvent: {}
[99.016524] (marvelmind_ros2_msgs) StdoutLine: {'line': b'-- Symlinking: /home/hutalia/ROS2_Hutalia/ros2_ws/install/marvelmind_ros2_msgs/include/marvelmind_ros2_msgs/marvelmind_ros2_msgs/msg/detail/hedge_telemetry__type_support.hpp\n'}
[99.060503] (marvelmind_ros2_msgs) StdoutLine: {'line': b'-- Symlinking: /home/hutalia/ROS2_Hutalia/ros2_ws/install/marvelmind_ros2_msgs/include/marvelmind_ros2_msgs/marvelmind_ros2_msgs/msg/detail/marvelmind_user_data__builder.hpp\n'}
[99.101907] (-) TimerEvent: {}
[99.104369] (marvelmind_ros2_msgs) StdoutLine: {'line': b'-- Symlinking: /home/hutalia/ROS2_Hutalia/ros2_ws/install/marvelmind_ros2_msgs/include/marvelmind_ros2_msgs/marvelmind_ros2_msgs/msg/detail/marvelmind_user_data__struct.hpp\n'}
[99.148439] (marvelmind_ros2_msgs) StdoutLine: {'line': b'-- Symlinking: /home/hutalia/ROS2_Hutalia/ros2_ws/install/marvelmind_ros2_msgs/include/marvelmind_ros2_msgs/marvelmind_ros2_msgs/msg/detail/marvelmind_user_data__traits.hpp\n'}
[99.192397] (marvelmind_ros2_msgs) StdoutLine: {'line': b'-- Symlinking: /home/hutalia/ROS2_Hutalia/ros2_ws/install/marvelmind_ros2_msgs/include/marvelmind_ros2_msgs/marvelmind_ros2_msgs/msg/detail/marvelmind_user_data__type_support.hpp\n'}
[99.202138] (-) TimerEvent: {}
[99.237118] (marvelmind_ros2_msgs) StdoutLine: {'line': b'-- Symlinking: /home/hutalia/ROS2_Hutalia/ros2_ws/install/marvelmind_ros2_msgs/include/marvelmind_ros2_msgs/marvelmind_ros2_msgs/msg/detail/marvelmind_waypoint__builder.hpp\n'}
[99.280629] (marvelmind_ros2_msgs) StdoutLine: {'line': b'-- Symlinking: /home/hutalia/ROS2_Hutalia/ros2_ws/install/marvelmind_ros2_msgs/include/marvelmind_ros2_msgs/marvelmind_ros2_msgs/msg/detail/marvelmind_waypoint__struct.hpp\n'}
[99.302325] (-) TimerEvent: {}
[99.323980] (marvelmind_ros2_msgs) StdoutLine: {'line': b'-- Symlinking: /home/hutalia/ROS2_Hutalia/ros2_ws/install/marvelmind_ros2_msgs/include/marvelmind_ros2_msgs/marvelmind_ros2_msgs/msg/detail/marvelmind_waypoint__traits.hpp\n'}
[99.368352] (marvelmind_ros2_msgs) StdoutLine: {'line': b'-- Symlinking: /home/hutalia/ROS2_Hutalia/ros2_ws/install/marvelmind_ros2_msgs/include/marvelmind_ros2_msgs/marvelmind_ros2_msgs/msg/detail/marvelmind_waypoint__type_support.hpp\n'}
[99.402515] (-) TimerEvent: {}
[99.412833] (marvelmind_ros2_msgs) StdoutLine: {'line': b'-- Symlinking: /home/hutalia/ROS2_Hutalia/ros2_ws/install/marvelmind_ros2_msgs/include/marvelmind_ros2_msgs/marvelmind_ros2_msgs/msg/hedge_imu_fusion.hpp\n'}
[99.455829] (marvelmind_ros2_msgs) StdoutLine: {'line': b'-- Symlinking: /home/hutalia/ROS2_Hutalia/ros2_ws/install/marvelmind_ros2_msgs/include/marvelmind_ros2_msgs/marvelmind_ros2_msgs/msg/hedge_imu_raw.hpp\n'}
[99.500163] (marvelmind_ros2_msgs) StdoutLine: {'line': b'-- Symlinking: /home/hutalia/ROS2_Hutalia/ros2_ws/install/marvelmind_ros2_msgs/include/marvelmind_ros2_msgs/marvelmind_ros2_msgs/msg/hedge_position.hpp\n'}
[99.502706] (-) TimerEvent: {}
[99.544518] (marvelmind_ros2_msgs) StdoutLine: {'line': b'-- Symlinking: /home/hutalia/ROS2_Hutalia/ros2_ws/install/marvelmind_ros2_msgs/include/marvelmind_ros2_msgs/marvelmind_ros2_msgs/msg/hedge_position_addressed.hpp\n'}
[99.588404] (marvelmind_ros2_msgs) StdoutLine: {'line': b'-- Symlinking: /home/hutalia/ROS2_Hutalia/ros2_ws/install/marvelmind_ros2_msgs/include/marvelmind_ros2_msgs/marvelmind_ros2_msgs/msg/hedge_position_angle.hpp\n'}
[99.602929] (-) TimerEvent: {}
[99.632232] (marvelmind_ros2_msgs) StdoutLine: {'line': b'-- Symlinking: /home/hutalia/ROS2_Hutalia/ros2_ws/install/marvelmind_ros2_msgs/include/marvelmind_ros2_msgs/marvelmind_ros2_msgs/msg/hedge_quality.hpp\n'}
[99.675641] (marvelmind_ros2_msgs) StdoutLine: {'line': b'-- Symlinking: /home/hutalia/ROS2_Hutalia/ros2_ws/install/marvelmind_ros2_msgs/include/marvelmind_ros2_msgs/marvelmind_ros2_msgs/msg/hedge_telemetry.hpp\n'}
[99.703188] (-) TimerEvent: {}
[99.720994] (marvelmind_ros2_msgs) StdoutLine: {'line': b'-- Symlinking: /home/hutalia/ROS2_Hutalia/ros2_ws/install/marvelmind_ros2_msgs/include/marvelmind_ros2_msgs/marvelmind_ros2_msgs/msg/marvelmind_user_data.hpp\n'}
[99.765157] (marvelmind_ros2_msgs) StdoutLine: {'line': b'-- Symlinking: /home/hutalia/ROS2_Hutalia/ros2_ws/install/marvelmind_ros2_msgs/include/marvelmind_ros2_msgs/marvelmind_ros2_msgs/msg/marvelmind_waypoint.hpp\n'}
[99.803393] (-) TimerEvent: {}
[99.809472] (marvelmind_ros2_msgs) StdoutLine: {'line': b'-- Symlinking: /home/hutalia/ROS2_Hutalia/ros2_ws/install/marvelmind_ros2_msgs/include/marvelmind_ros2_msgs/marvelmind_ros2_msgs/msg/rosidl_generator_cpp__visibility_control.hpp\n'}
[99.853725] (marvelmind_ros2_msgs) StdoutLine: {'line': b'-- Symlinking: /home/hutalia/ROS2_Hutalia/ros2_ws/install/marvelmind_ros2_msgs/include/marvelmind_ros2_msgs/marvelmind_ros2_msgs/srv/detail/marvelmind_api__builder.hpp\n'}
[99.897407] (marvelmind_ros2_msgs) StdoutLine: {'line': b'-- Symlinking: /home/hutalia/ROS2_Hutalia/ros2_ws/install/marvelmind_ros2_msgs/include/marvelmind_ros2_msgs/marvelmind_ros2_msgs/srv/detail/marvelmind_api__struct.hpp\n'}
[99.903607] (-) TimerEvent: {}
[99.942517] (marvelmind_ros2_msgs) StdoutLine: {'line': b'-- Symlinking: /home/hutalia/ROS2_Hutalia/ros2_ws/install/marvelmind_ros2_msgs/include/marvelmind_ros2_msgs/marvelmind_ros2_msgs/srv/detail/marvelmind_api__traits.hpp\n'}
[99.987025] (marvelmind_ros2_msgs) StdoutLine: {'line': b'-- Symlinking: /home/hutalia/ROS2_Hutalia/ros2_ws/install/marvelmind_ros2_msgs/include/marvelmind_ros2_msgs/marvelmind_ros2_msgs/srv/detail/marvelmind_api__type_support.hpp\n'}
[100.003830] (-) TimerEvent: {}
[100.032077] (marvelmind_ros2_msgs) StdoutLine: {'line': b'-- Symlinking: /home/hutalia/ROS2_Hutalia/ros2_ws/install/marvelmind_ros2_msgs/include/marvelmind_ros2_msgs/marvelmind_ros2_msgs/srv/marvelmind_api.hpp\n'}
[100.083618] (marvelmind_ros2_msgs) StdoutLine: {'line': b'-- Symlinking: /home/hutalia/ROS2_Hutalia/ros2_ws/install/marvelmind_ros2_msgs/include/marvelmind_ros2_msgs/marvelmind_ros2_msgs/msg/detail/beacon_distance__rosidl_typesupport_fastrtps_cpp.hpp\n'}
[100.104035] (-) TimerEvent: {}
[100.126931] (marvelmind_ros2_msgs) StdoutLine: {'line': b'-- Symlinking: /home/hutalia/ROS2_Hutalia/ros2_ws/install/marvelmind_ros2_msgs/include/marvelmind_ros2_msgs/marvelmind_ros2_msgs/msg/detail/beacon_position_addressed__rosidl_typesupport_fastrtps_cpp.hpp\n'}
[100.170982] (marvelmind_ros2_msgs) StdoutLine: {'line': b'-- Symlinking: /home/hutalia/ROS2_Hutalia/ros2_ws/install/marvelmind_ros2_msgs/include/marvelmind_ros2_msgs/marvelmind_ros2_msgs/msg/detail/hedge_imu_fusion__rosidl_typesupport_fastrtps_cpp.hpp\n'}
[100.204227] (-) TimerEvent: {}
[100.216176] (marvelmind_ros2_msgs) StdoutLine: {'line': b'-- Symlinking: /home/hutalia/ROS2_Hutalia/ros2_ws/install/marvelmind_ros2_msgs/include/marvelmind_ros2_msgs/marvelmind_ros2_msgs/msg/detail/hedge_imu_raw__rosidl_typesupport_fastrtps_cpp.hpp\n'}
[100.260119] (marvelmind_ros2_msgs) StdoutLine: {'line': b'-- Symlinking: /home/hutalia/ROS2_Hutalia/ros2_ws/install/marvelmind_ros2_msgs/include/marvelmind_ros2_msgs/marvelmind_ros2_msgs/msg/detail/hedge_position__rosidl_typesupport_fastrtps_cpp.hpp\n'}
[100.304063] (marvelmind_ros2_msgs) StdoutLine: {'line': b'-- Symlinking: /home/hutalia/ROS2_Hutalia/ros2_ws/install/marvelmind_ros2_msgs/include/marvelmind_ros2_msgs/marvelmind_ros2_msgs/msg/detail/hedge_position_addressed__rosidl_typesupport_fastrtps_cpp.hpp\n'}
[100.304703] (-) TimerEvent: {}
[100.348986] (marvelmind_ros2_msgs) StdoutLine: {'line': b'-- Symlinking: /home/hutalia/ROS2_Hutalia/ros2_ws/install/marvelmind_ros2_msgs/include/marvelmind_ros2_msgs/marvelmind_ros2_msgs/msg/detail/hedge_position_angle__rosidl_typesupport_fastrtps_cpp.hpp\n'}
[100.392562] (marvelmind_ros2_msgs) StdoutLine: {'line': b'-- Symlinking: /home/hutalia/ROS2_Hutalia/ros2_ws/install/marvelmind_ros2_msgs/include/marvelmind_ros2_msgs/marvelmind_ros2_msgs/msg/detail/hedge_quality__rosidl_typesupport_fastrtps_cpp.hpp\n'}
[100.404987] (-) TimerEvent: {}
[100.436588] (marvelmind_ros2_msgs) StdoutLine: {'line': b'-- Symlinking: /home/hutalia/ROS2_Hutalia/ros2_ws/install/marvelmind_ros2_msgs/include/marvelmind_ros2_msgs/marvelmind_ros2_msgs/msg/detail/hedge_telemetry__rosidl_typesupport_fastrtps_cpp.hpp\n'}
[100.479711] (marvelmind_ros2_msgs) StdoutLine: {'line': b'-- Symlinking: /home/hutalia/ROS2_Hutalia/ros2_ws/install/marvelmind_ros2_msgs/include/marvelmind_ros2_msgs/marvelmind_ros2_msgs/msg/detail/marvelmind_user_data__rosidl_typesupport_fastrtps_cpp.hpp\n'}
[100.505210] (-) TimerEvent: {}
[100.523193] (marvelmind_ros2_msgs) StdoutLine: {'line': b'-- Symlinking: /home/hutalia/ROS2_Hutalia/ros2_ws/install/marvelmind_ros2_msgs/include/marvelmind_ros2_msgs/marvelmind_ros2_msgs/msg/detail/marvelmind_waypoint__rosidl_typesupport_fastrtps_cpp.hpp\n'}
[100.567257] (marvelmind_ros2_msgs) StdoutLine: {'line': b'-- Symlinking: /home/hutalia/ROS2_Hutalia/ros2_ws/install/marvelmind_ros2_msgs/include/marvelmind_ros2_msgs/marvelmind_ros2_msgs/msg/rosidl_typesupport_fastrtps_cpp__visibility_control.h\n'}
[100.605394] (-) TimerEvent: {}
[100.611213] (marvelmind_ros2_msgs) StdoutLine: {'line': b'-- Symlinking: /home/hutalia/ROS2_Hutalia/ros2_ws/install/marvelmind_ros2_msgs/include/marvelmind_ros2_msgs/marvelmind_ros2_msgs/srv/detail/marvelmind_api__rosidl_typesupport_fastrtps_cpp.hpp\n'}
[100.659699] (marvelmind_ros2_msgs) StdoutLine: {'line': b'-- Symlinking: /home/hutalia/ROS2_Hutalia/ros2_ws/install/marvelmind_ros2_msgs/include/marvelmind_ros2_msgs/marvelmind_ros2_msgs/msg/detail/beacon_distance__rosidl_typesupport_introspection_cpp.hpp\n'}
[100.705583] (-) TimerEvent: {}
[100.706257] (marvelmind_ros2_msgs) StdoutLine: {'line': b'-- Symlinking: /home/hutalia/ROS2_Hutalia/ros2_ws/install/marvelmind_ros2_msgs/include/marvelmind_ros2_msgs/marvelmind_ros2_msgs/msg/detail/beacon_position_addressed__rosidl_typesupport_introspection_cpp.hpp\n'}
[100.751948] (marvelmind_ros2_msgs) StdoutLine: {'line': b'-- Symlinking: /home/hutalia/ROS2_Hutalia/ros2_ws/install/marvelmind_ros2_msgs/include/marvelmind_ros2_msgs/marvelmind_ros2_msgs/msg/detail/hedge_imu_fusion__rosidl_typesupport_introspection_cpp.hpp\n'}
[100.795564] (marvelmind_ros2_msgs) StdoutLine: {'line': b'-- Symlinking: /home/hutalia/ROS2_Hutalia/ros2_ws/install/marvelmind_ros2_msgs/include/marvelmind_ros2_msgs/marvelmind_ros2_msgs/msg/detail/hedge_imu_raw__rosidl_typesupport_introspection_cpp.hpp\n'}
[100.805795] (-) TimerEvent: {}
[100.839383] (marvelmind_ros2_msgs) StdoutLine: {'line': b'-- Symlinking: /home/hutalia/ROS2_Hutalia/ros2_ws/install/marvelmind_ros2_msgs/include/marvelmind_ros2_msgs/marvelmind_ros2_msgs/msg/detail/hedge_position__rosidl_typesupport_introspection_cpp.hpp\n'}
[100.883275] (marvelmind_ros2_msgs) StdoutLine: {'line': b'-- Symlinking: /home/hutalia/ROS2_Hutalia/ros2_ws/install/marvelmind_ros2_msgs/include/marvelmind_ros2_msgs/marvelmind_ros2_msgs/msg/detail/hedge_position_addressed__rosidl_typesupport_introspection_cpp.hpp\n'}
[100.905969] (-) TimerEvent: {}
[100.927728] (marvelmind_ros2_msgs) StdoutLine: {'line': b'-- Symlinking: /home/hutalia/ROS2_Hutalia/ros2_ws/install/marvelmind_ros2_msgs/include/marvelmind_ros2_msgs/marvelmind_ros2_msgs/msg/detail/hedge_position_angle__rosidl_typesupport_introspection_cpp.hpp\n'}
[100.971085] (marvelmind_ros2_msgs) StdoutLine: {'line': b'-- Symlinking: /home/hutalia/ROS2_Hutalia/ros2_ws/install/marvelmind_ros2_msgs/include/marvelmind_ros2_msgs/marvelmind_ros2_msgs/msg/detail/hedge_quality__rosidl_typesupport_introspection_cpp.hpp\n'}
[101.006190] (-) TimerEvent: {}
[101.015169] (marvelmind_ros2_msgs) StdoutLine: {'line': b'-- Symlinking: /home/hutalia/ROS2_Hutalia/ros2_ws/install/marvelmind_ros2_msgs/include/marvelmind_ros2_msgs/marvelmind_ros2_msgs/msg/detail/hedge_telemetry__rosidl_typesupport_introspection_cpp.hpp\n'}
[101.059914] (marvelmind_ros2_msgs) StdoutLine: {'line': b'-- Symlinking: /home/hutalia/ROS2_Hutalia/ros2_ws/install/marvelmind_ros2_msgs/include/marvelmind_ros2_msgs/marvelmind_ros2_msgs/msg/detail/marvelmind_user_data__rosidl_typesupport_introspection_cpp.hpp\n'}
[101.103615] (marvelmind_ros2_msgs) StdoutLine: {'line': b'-- Symlinking: /home/hutalia/ROS2_Hutalia/ros2_ws/install/marvelmind_ros2_msgs/include/marvelmind_ros2_msgs/marvelmind_ros2_msgs/msg/detail/marvelmind_waypoint__rosidl_typesupport_introspection_cpp.hpp\n'}
[101.106341] (-) TimerEvent: {}
[101.147500] (marvelmind_ros2_msgs) StdoutLine: {'line': b'-- Symlinking: /home/hutalia/ROS2_Hutalia/ros2_ws/install/marvelmind_ros2_msgs/include/marvelmind_ros2_msgs/marvelmind_ros2_msgs/srv/detail/marvelmind_api__rosidl_typesupport_introspection_cpp.hpp\n'}
[101.192132] (marvelmind_ros2_msgs) StdoutLine: {'line': b'-- Symlinking: /home/hutalia/ROS2_Hutalia/ros2_ws/install/marvelmind_ros2_msgs/share/marvelmind_ros2_msgs/environment/pythonpath.sh\n'}
[101.206539] (-) TimerEvent: {}
[101.236226] (marvelmind_ros2_msgs) StdoutLine: {'line': b'-- Symlinking: /home/hutalia/ROS2_Hutalia/ros2_ws/install/marvelmind_ros2_msgs/share/marvelmind_ros2_msgs/environment/pythonpath.dsv\n'}
[101.281821] (marvelmind_ros2_msgs) StdoutLine: {'line': b'-- Symlinking: /home/hutalia/ROS2_Hutalia/ros2_ws/install/marvelmind_ros2_msgs/lib/python3.12/site-packages/marvelmind_ros2_msgs-1.0.2-py3.12.egg-info/PKG-INFO\n'}
[101.306759] (-) TimerEvent: {}
[101.327714] (marvelmind_ros2_msgs) StdoutLine: {'line': b'-- Symlinking: /home/hutalia/ROS2_Hutalia/ros2_ws/install/marvelmind_ros2_msgs/lib/python3.12/site-packages/marvelmind_ros2_msgs-1.0.2-py3.12.egg-info/SOURCES.txt\n'}
[101.371660] (marvelmind_ros2_msgs) StdoutLine: {'line': b'-- Symlinking: /home/hutalia/ROS2_Hutalia/ros2_ws/install/marvelmind_ros2_msgs/lib/python3.12/site-packages/marvelmind_ros2_msgs-1.0.2-py3.12.egg-info/dependency_links.txt\n'}
[101.406935] (-) TimerEvent: {}
[101.415383] (marvelmind_ros2_msgs) StdoutLine: {'line': b'-- Symlinking: /home/hutalia/ROS2_Hutalia/ros2_ws/install/marvelmind_ros2_msgs/lib/python3.12/site-packages/marvelmind_ros2_msgs-1.0.2-py3.12.egg-info/top_level.txt\n'}
[101.468892] (marvelmind_ros2_msgs) StdoutLine: {'line': b'-- Symlinking: /home/hutalia/ROS2_Hutalia/ros2_ws/install/marvelmind_ros2_msgs/lib/python3.12/site-packages/marvelmind_ros2_msgs/__init__.py\n'}
[101.507199] (-) TimerEvent: {}
[101.512074] (marvelmind_ros2_msgs) StdoutLine: {'line': b'-- Symlinking: /home/hutalia/ROS2_Hutalia/ros2_ws/install/marvelmind_ros2_msgs/lib/python3.12/site-packages/marvelmind_ros2_msgs/_marvelmind_ros2_msgs_s.ep.rosidl_typesupport_c.c\n'}
[101.558370] (marvelmind_ros2_msgs) StdoutLine: {'line': b'-- Symlinking: /home/hutalia/ROS2_Hutalia/ros2_ws/install/marvelmind_ros2_msgs/lib/python3.12/site-packages/marvelmind_ros2_msgs/_marvelmind_ros2_msgs_s.ep.rosidl_typesupport_fastrtps_c.c\n'}
[101.602849] (marvelmind_ros2_msgs) StdoutLine: {'line': b'-- Symlinking: /home/hutalia/ROS2_Hutalia/ros2_ws/install/marvelmind_ros2_msgs/lib/python3.12/site-packages/marvelmind_ros2_msgs/_marvelmind_ros2_msgs_s.ep.rosidl_typesupport_introspection_c.c\n'}
[101.607358] (-) TimerEvent: {}
[101.647221] (marvelmind_ros2_msgs) StdoutLine: {'line': b'-- Symlinking: /home/hutalia/ROS2_Hutalia/ros2_ws/install/marvelmind_ros2_msgs/lib/python3.12/site-packages/marvelmind_ros2_msgs/marvelmind_ros2_msgs_s__rosidl_typesupport_c.so\n'}
[101.690680] (marvelmind_ros2_msgs) StdoutLine: {'line': b'-- Symlinking: /home/hutalia/ROS2_Hutalia/ros2_ws/install/marvelmind_ros2_msgs/lib/python3.12/site-packages/marvelmind_ros2_msgs/marvelmind_ros2_msgs_s__rosidl_typesupport_fastrtps_c.so\n'}
[101.707541] (-) TimerEvent: {}
[101.733911] (marvelmind_ros2_msgs) StdoutLine: {'line': b'-- Symlinking: /home/hutalia/ROS2_Hutalia/ros2_ws/install/marvelmind_ros2_msgs/lib/python3.12/site-packages/marvelmind_ros2_msgs/marvelmind_ros2_msgs_s__rosidl_typesupport_introspection_c.so\n'}
[101.777586] (marvelmind_ros2_msgs) StdoutLine: {'line': b'-- Symlinking: /home/hutalia/ROS2_Hutalia/ros2_ws/install/marvelmind_ros2_msgs/lib/python3.12/site-packages/marvelmind_ros2_msgs/msg/__init__.py\n'}
[101.807751] (-) TimerEvent: {}
[101.822214] (marvelmind_ros2_msgs) StdoutLine: {'line': b'-- Symlinking: /home/hutalia/ROS2_Hutalia/ros2_ws/install/marvelmind_ros2_msgs/lib/python3.12/site-packages/marvelmind_ros2_msgs/msg/_beacon_distance.py\n'}
[101.866012] (marvelmind_ros2_msgs) StdoutLine: {'line': b'-- Symlinking: /home/hutalia/ROS2_Hutalia/ros2_ws/install/marvelmind_ros2_msgs/lib/python3.12/site-packages/marvelmind_ros2_msgs/msg/_beacon_distance_s.c\n'}
[101.907970] (-) TimerEvent: {}
[101.911134] (marvelmind_ros2_msgs) StdoutLine: {'line': b'-- Symlinking: /home/hutalia/ROS2_Hutalia/ros2_ws/install/marvelmind_ros2_msgs/lib/python3.12/site-packages/marvelmind_ros2_msgs/msg/_beacon_position_addressed.py\n'}
[101.954249] (marvelmind_ros2_msgs) StdoutLine: {'line': b'-- Symlinking: /home/hutalia/ROS2_Hutalia/ros2_ws/install/marvelmind_ros2_msgs/lib/python3.12/site-packages/marvelmind_ros2_msgs/msg/_beacon_position_addressed_s.c\n'}
[102.000550] (marvelmind_ros2_msgs) StdoutLine: {'line': b'-- Symlinking: /home/hutalia/ROS2_Hutalia/ros2_ws/install/marvelmind_ros2_msgs/lib/python3.12/site-packages/marvelmind_ros2_msgs/msg/_hedge_imu_fusion.py\n'}
[102.008191] (-) TimerEvent: {}
[102.046480] (marvelmind_ros2_msgs) StdoutLine: {'line': b'-- Symlinking: /home/hutalia/ROS2_Hutalia/ros2_ws/install/marvelmind_ros2_msgs/lib/python3.12/site-packages/marvelmind_ros2_msgs/msg/_hedge_imu_fusion_s.c\n'}
[102.094483] (marvelmind_ros2_msgs) StdoutLine: {'line': b'-- Symlinking: /home/hutalia/ROS2_Hutalia/ros2_ws/install/marvelmind_ros2_msgs/lib/python3.12/site-packages/marvelmind_ros2_msgs/msg/_hedge_imu_raw.py\n'}
[102.108392] (-) TimerEvent: {}
[102.143327] (marvelmind_ros2_msgs) StdoutLine: {'line': b'-- Symlinking: /home/hutalia/ROS2_Hutalia/ros2_ws/install/marvelmind_ros2_msgs/lib/python3.12/site-packages/marvelmind_ros2_msgs/msg/_hedge_imu_raw_s.c\n'}
[102.190734] (marvelmind_ros2_msgs) StdoutLine: {'line': b'-- Symlinking: /home/hutalia/ROS2_Hutalia/ros2_ws/install/marvelmind_ros2_msgs/lib/python3.12/site-packages/marvelmind_ros2_msgs/msg/_hedge_position.py\n'}
[102.208560] (-) TimerEvent: {}
[102.236500] (marvelmind_ros2_msgs) StdoutLine: {'line': b'-- Symlinking: /home/hutalia/ROS2_Hutalia/ros2_ws/install/marvelmind_ros2_msgs/lib/python3.12/site-packages/marvelmind_ros2_msgs/msg/_hedge_position_addressed.py\n'}
[102.281581] (marvelmind_ros2_msgs) StdoutLine: {'line': b'-- Symlinking: /home/hutalia/ROS2_Hutalia/ros2_ws/install/marvelmind_ros2_msgs/lib/python3.12/site-packages/marvelmind_ros2_msgs/msg/_hedge_position_addressed_s.c\n'}
[102.308763] (-) TimerEvent: {}
[102.327282] (marvelmind_ros2_msgs) StdoutLine: {'line': b'-- Symlinking: /home/hutalia/ROS2_Hutalia/ros2_ws/install/marvelmind_ros2_msgs/lib/python3.12/site-packages/marvelmind_ros2_msgs/msg/_hedge_position_angle.py\n'}
[102.372893] (marvelmind_ros2_msgs) StdoutLine: {'line': b'-- Symlinking: /home/hutalia/ROS2_Hutalia/ros2_ws/install/marvelmind_ros2_msgs/lib/python3.12/site-packages/marvelmind_ros2_msgs/msg/_hedge_position_angle_s.c\n'}
[102.408955] (-) TimerEvent: {}
[102.418585] (marvelmind_ros2_msgs) StdoutLine: {'line': b'-- Symlinking: /home/hutalia/ROS2_Hutalia/ros2_ws/install/marvelmind_ros2_msgs/lib/python3.12/site-packages/marvelmind_ros2_msgs/msg/_hedge_position_s.c\n'}
[102.463519] (marvelmind_ros2_msgs) StdoutLine: {'line': b'-- Symlinking: /home/hutalia/ROS2_Hutalia/ros2_ws/install/marvelmind_ros2_msgs/lib/python3.12/site-packages/marvelmind_ros2_msgs/msg/_hedge_quality.py\n'}
[102.508001] (marvelmind_ros2_msgs) StdoutLine: {'line': b'-- Symlinking: /home/hutalia/ROS2_Hutalia/ros2_ws/install/marvelmind_ros2_msgs/lib/python3.12/site-packages/marvelmind_ros2_msgs/msg/_hedge_quality_s.c\n'}
[102.509153] (-) TimerEvent: {}
[102.555018] (marvelmind_ros2_msgs) StdoutLine: {'line': b'-- Symlinking: /home/hutalia/ROS2_Hutalia/ros2_ws/install/marvelmind_ros2_msgs/lib/python3.12/site-packages/marvelmind_ros2_msgs/msg/_hedge_telemetry.py\n'}
[102.604492] (marvelmind_ros2_msgs) StdoutLine: {'line': b'-- Symlinking: /home/hutalia/ROS2_Hutalia/ros2_ws/install/marvelmind_ros2_msgs/lib/python3.12/site-packages/marvelmind_ros2_msgs/msg/_hedge_telemetry_s.c\n'}
[102.609372] (-) TimerEvent: {}
[102.656725] (marvelmind_ros2_msgs) StdoutLine: {'line': b'-- Symlinking: /home/hutalia/ROS2_Hutalia/ros2_ws/install/marvelmind_ros2_msgs/lib/python3.12/site-packages/marvelmind_ros2_msgs/msg/_marvelmind_user_data.py\n'}
[102.703668] (marvelmind_ros2_msgs) StdoutLine: {'line': b'-- Symlinking: /home/hutalia/ROS2_Hutalia/ros2_ws/install/marvelmind_ros2_msgs/lib/python3.12/site-packages/marvelmind_ros2_msgs/msg/_marvelmind_user_data_s.c\n'}
[102.709574] (-) TimerEvent: {}
[102.752546] (marvelmind_ros2_msgs) StdoutLine: {'line': b'-- Symlinking: /home/hutalia/ROS2_Hutalia/ros2_ws/install/marvelmind_ros2_msgs/lib/python3.12/site-packages/marvelmind_ros2_msgs/msg/_marvelmind_waypoint.py\n'}
[102.804788] (marvelmind_ros2_msgs) StdoutLine: {'line': b'-- Symlinking: /home/hutalia/ROS2_Hutalia/ros2_ws/install/marvelmind_ros2_msgs/lib/python3.12/site-packages/marvelmind_ros2_msgs/msg/_marvelmind_waypoint_s.c\n'}
[102.809876] (-) TimerEvent: {}
[102.855205] (marvelmind_ros2_msgs) StdoutLine: {'line': b'-- Symlinking: /home/hutalia/ROS2_Hutalia/ros2_ws/install/marvelmind_ros2_msgs/lib/python3.12/site-packages/marvelmind_ros2_msgs/srv/__init__.py\n'}
[102.902474] (marvelmind_ros2_msgs) StdoutLine: {'line': b'-- Symlinking: /home/hutalia/ROS2_Hutalia/ros2_ws/install/marvelmind_ros2_msgs/lib/python3.12/site-packages/marvelmind_ros2_msgs/srv/_marvelmind_api.py\n'}
[102.910278] (-) TimerEvent: {}
[102.972312] (marvelmind_ros2_msgs) StdoutLine: {'line': b'-- Symlinking: /home/hutalia/ROS2_Hutalia/ros2_ws/install/marvelmind_ros2_msgs/lib/python3.12/site-packages/marvelmind_ros2_msgs/srv/_marvelmind_api_s.c\n'}
[103.010657] (-) TimerEvent: {}
[103.039391] (marvelmind_ros2_msgs) StdoutLine: {'line': b'-- Up-to-date symlink: /home/hutalia/ROS2_Hutalia/ros2_ws/install/marvelmind_ros2_msgs/lib/python3.12/site-packages/marvelmind_ros2_msgs/marvelmind_ros2_msgs_s__rosidl_typesupport_fastrtps_c.so\n'}
[103.042717] (marvelmind_ros2_msgs) StdoutLine: {'line': b'-- Up-to-date symlink: /home/hutalia/ROS2_Hutalia/ros2_ws/install/marvelmind_ros2_msgs/lib/python3.12/site-packages/marvelmind_ros2_msgs/marvelmind_ros2_msgs_s__rosidl_typesupport_introspection_c.so\n'}
[103.045397] (marvelmind_ros2_msgs) StdoutLine: {'line': b'-- Up-to-date symlink: /home/hutalia/ROS2_Hutalia/ros2_ws/install/marvelmind_ros2_msgs/lib/python3.12/site-packages/marvelmind_ros2_msgs/marvelmind_ros2_msgs_s__rosidl_typesupport_c.so\n'}
[103.047294] (marvelmind_ros2_msgs) StdoutLine: {'line': b'-- Symlinking: /home/hutalia/ROS2_Hutalia/ros2_ws/install/marvelmind_ros2_msgs/share/ament_index/resource_index/rust_packages/marvelmind_ros2_msgs\n'}
[103.107488] (marvelmind_ros2_msgs) StdoutLine: {'line': b'-- Symlinking: /home/hutalia/ROS2_Hutalia/ros2_ws/install/marvelmind_ros2_msgs/share/marvelmind_ros2_msgs/rust/Cargo.toml\n'}
[103.110763] (-) TimerEvent: {}
[103.152044] (marvelmind_ros2_msgs) StdoutLine: {'line': b'-- Symlinking: /home/hutalia/ROS2_Hutalia/ros2_ws/install/marvelmind_ros2_msgs/share/marvelmind_ros2_msgs/rust/build.rs\n'}
[103.197431] (marvelmind_ros2_msgs) StdoutLine: {'line': b'-- Symlinking: /home/hutalia/ROS2_Hutalia/ros2_ws/install/marvelmind_ros2_msgs/share/marvelmind_ros2_msgs/rust/src/lib.rs\n'}
[103.210978] (-) TimerEvent: {}
[103.241080] (marvelmind_ros2_msgs) StdoutLine: {'line': b'-- Symlinking: /home/hutalia/ROS2_Hutalia/ros2_ws/install/marvelmind_ros2_msgs/share/marvelmind_ros2_msgs/rust/src/msg.rs\n'}
[103.284498] (marvelmind_ros2_msgs) StdoutLine: {'line': b'-- Symlinking: /home/hutalia/ROS2_Hutalia/ros2_ws/install/marvelmind_ros2_msgs/share/marvelmind_ros2_msgs/rust/src/msg/rmw.rs\n'}
[103.311207] (-) TimerEvent: {}
[103.328344] (marvelmind_ros2_msgs) StdoutLine: {'line': b'-- Symlinking: /home/hutalia/ROS2_Hutalia/ros2_ws/install/marvelmind_ros2_msgs/share/marvelmind_ros2_msgs/rust/src/srv.rs\n'}
[103.372406] (marvelmind_ros2_msgs) StdoutLine: {'line': b'-- Symlinking: /home/hutalia/ROS2_Hutalia/ros2_ws/install/marvelmind_ros2_msgs/share/marvelmind_ros2_msgs/rust/src/srv/rmw.rs\n'}
[103.411452] (-) TimerEvent: {}
[103.418227] (marvelmind_ros2_msgs) StdoutLine: {'line': b'-- Symlinking: /home/hutalia/ROS2_Hutalia/ros2_ws/install/marvelmind_ros2_msgs/share/marvelmind_ros2_msgs/msg/BeaconDistance.idl\n'}
[103.462005] (marvelmind_ros2_msgs) StdoutLine: {'line': b'-- Symlinking: /home/hutalia/ROS2_Hutalia/ros2_ws/install/marvelmind_ros2_msgs/share/marvelmind_ros2_msgs/msg/BeaconPositionAddressed.idl\n'}
[103.507142] (marvelmind_ros2_msgs) StdoutLine: {'line': b'-- Symlinking: /home/hutalia/ROS2_Hutalia/ros2_ws/install/marvelmind_ros2_msgs/share/marvelmind_ros2_msgs/msg/HedgeImuFusion.idl\n'}
[103.511613] (-) TimerEvent: {}
[103.551537] (marvelmind_ros2_msgs) StdoutLine: {'line': b'-- Symlinking: /home/hutalia/ROS2_Hutalia/ros2_ws/install/marvelmind_ros2_msgs/share/marvelmind_ros2_msgs/msg/HedgeImuRaw.idl\n'}
[103.595337] (marvelmind_ros2_msgs) StdoutLine: {'line': b'-- Symlinking: /home/hutalia/ROS2_Hutalia/ros2_ws/install/marvelmind_ros2_msgs/share/marvelmind_ros2_msgs/msg/HedgePositionAddressed.idl\n'}
[103.611846] (-) TimerEvent: {}
[103.639875] (marvelmind_ros2_msgs) StdoutLine: {'line': b'-- Symlinking: /home/hutalia/ROS2_Hutalia/ros2_ws/install/marvelmind_ros2_msgs/share/marvelmind_ros2_msgs/msg/HedgePositionAngle.idl\n'}
[103.684094] (marvelmind_ros2_msgs) StdoutLine: {'line': b'-- Symlinking: /home/hutalia/ROS2_Hutalia/ros2_ws/install/marvelmind_ros2_msgs/share/marvelmind_ros2_msgs/msg/HedgePosition.idl\n'}
[103.712035] (-) TimerEvent: {}
[103.728672] (marvelmind_ros2_msgs) StdoutLine: {'line': b'-- Symlinking: /home/hutalia/ROS2_Hutalia/ros2_ws/install/marvelmind_ros2_msgs/share/marvelmind_ros2_msgs/msg/HedgeQuality.idl\n'}
[103.773572] (marvelmind_ros2_msgs) StdoutLine: {'line': b'-- Symlinking: /home/hutalia/ROS2_Hutalia/ros2_ws/install/marvelmind_ros2_msgs/share/marvelmind_ros2_msgs/msg/HedgeTelemetry.idl\n'}
[103.812281] (-) TimerEvent: {}
[103.821346] (marvelmind_ros2_msgs) StdoutLine: {'line': b'-- Symlinking: /home/hutalia/ROS2_Hutalia/ros2_ws/install/marvelmind_ros2_msgs/share/marvelmind_ros2_msgs/msg/MarvelmindWaypoint.idl\n'}
[103.864538] (marvelmind_ros2_msgs) StdoutLine: {'line': b'-- Symlinking: /home/hutalia/ROS2_Hutalia/ros2_ws/install/marvelmind_ros2_msgs/share/marvelmind_ros2_msgs/msg/MarvelmindUserData.idl\n'}
[103.910783] (marvelmind_ros2_msgs) StdoutLine: {'line': b'-- Symlinking: /home/hutalia/ROS2_Hutalia/ros2_ws/install/marvelmind_ros2_msgs/share/marvelmind_ros2_msgs/srv/MarvelmindAPI.idl\n'}
[103.912465] (-) TimerEvent: {}
[103.953116] (marvelmind_ros2_msgs) StdoutLine: {'line': b'-- Symlinking: /home/hutalia/ROS2_Hutalia/ros2_ws/install/marvelmind_ros2_msgs/share/marvelmind_ros2_msgs/msg/BeaconDistance.msg\n'}
[103.997025] (marvelmind_ros2_msgs) StdoutLine: {'line': b'-- Symlinking: /home/hutalia/ROS2_Hutalia/ros2_ws/install/marvelmind_ros2_msgs/share/marvelmind_ros2_msgs/msg/BeaconPositionAddressed.msg\n'}
[104.012655] (-) TimerEvent: {}
[104.041672] (marvelmind_ros2_msgs) StdoutLine: {'line': b'-- Symlinking: /home/hutalia/ROS2_Hutalia/ros2_ws/install/marvelmind_ros2_msgs/share/marvelmind_ros2_msgs/msg/HedgeImuFusion.msg\n'}
[104.085747] (marvelmind_ros2_msgs) StdoutLine: {'line': b'-- Symlinking: /home/hutalia/ROS2_Hutalia/ros2_ws/install/marvelmind_ros2_msgs/share/marvelmind_ros2_msgs/msg/HedgeImuRaw.msg\n'}
[104.112842] (-) TimerEvent: {}
[104.130420] (marvelmind_ros2_msgs) StdoutLine: {'line': b'-- Symlinking: /home/hutalia/ROS2_Hutalia/ros2_ws/install/marvelmind_ros2_msgs/share/marvelmind_ros2_msgs/msg/HedgePositionAddressed.msg\n'}
[104.174451] (marvelmind_ros2_msgs) StdoutLine: {'line': b'-- Symlinking: /home/hutalia/ROS2_Hutalia/ros2_ws/install/marvelmind_ros2_msgs/share/marvelmind_ros2_msgs/msg/HedgePositionAngle.msg\n'}
[104.213127] (-) TimerEvent: {}
[104.222390] (marvelmind_ros2_msgs) StdoutLine: {'line': b'-- Symlinking: /home/hutalia/ROS2_Hutalia/ros2_ws/install/marvelmind_ros2_msgs/share/marvelmind_ros2_msgs/msg/HedgePosition.msg\n'}
[104.266684] (marvelmind_ros2_msgs) StdoutLine: {'line': b'-- Symlinking: /home/hutalia/ROS2_Hutalia/ros2_ws/install/marvelmind_ros2_msgs/share/marvelmind_ros2_msgs/msg/HedgeQuality.msg\n'}
[104.310933] (marvelmind_ros2_msgs) StdoutLine: {'line': b'-- Symlinking: /home/hutalia/ROS2_Hutalia/ros2_ws/install/marvelmind_ros2_msgs/share/marvelmind_ros2_msgs/msg/HedgeTelemetry.msg\n'}
[104.313284] (-) TimerEvent: {}
[104.355650] (marvelmind_ros2_msgs) StdoutLine: {'line': b'-- Symlinking: /home/hutalia/ROS2_Hutalia/ros2_ws/install/marvelmind_ros2_msgs/share/marvelmind_ros2_msgs/msg/MarvelmindWaypoint.msg\n'}
[104.400647] (marvelmind_ros2_msgs) StdoutLine: {'line': b'-- Symlinking: /home/hutalia/ROS2_Hutalia/ros2_ws/install/marvelmind_ros2_msgs/share/marvelmind_ros2_msgs/msg/MarvelmindUserData.msg\n'}
[104.413480] (-) TimerEvent: {}
[104.445552] (marvelmind_ros2_msgs) StdoutLine: {'line': b'-- Symlinking: /home/hutalia/ROS2_Hutalia/ros2_ws/install/marvelmind_ros2_msgs/share/marvelmind_ros2_msgs/srv/MarvelmindAPI.srv\n'}
[104.489274] (marvelmind_ros2_msgs) StdoutLine: {'line': b'-- Symlinking: /home/hutalia/ROS2_Hutalia/ros2_ws/install/marvelmind_ros2_msgs/share/ament_index/resource_index/package_run_dependencies/marvelmind_ros2_msgs\n'}
[104.513770] (-) TimerEvent: {}
[104.533121] (marvelmind_ros2_msgs) StdoutLine: {'line': b'-- Symlinking: /home/hutalia/ROS2_Hutalia/ros2_ws/install/marvelmind_ros2_msgs/share/ament_index/resource_index/parent_prefix_path/marvelmind_ros2_msgs\n'}
[104.577493] (marvelmind_ros2_msgs) StdoutLine: {'line': b'-- Symlinking: /home/hutalia/ROS2_Hutalia/ros2_ws/install/marvelmind_ros2_msgs/share/marvelmind_ros2_msgs/environment/ament_prefix_path.sh\n'}
[104.613940] (-) TimerEvent: {}
[104.622358] (marvelmind_ros2_msgs) StdoutLine: {'line': b'-- Symlinking: /home/hutalia/ROS2_Hutalia/ros2_ws/install/marvelmind_ros2_msgs/share/marvelmind_ros2_msgs/environment/ament_prefix_path.dsv\n'}
[104.666175] (marvelmind_ros2_msgs) StdoutLine: {'line': b'-- Symlinking: /home/hutalia/ROS2_Hutalia/ros2_ws/install/marvelmind_ros2_msgs/share/marvelmind_ros2_msgs/environment/path.sh\n'}
[104.710920] (marvelmind_ros2_msgs) StdoutLine: {'line': b'-- Symlinking: /home/hutalia/ROS2_Hutalia/ros2_ws/install/marvelmind_ros2_msgs/share/marvelmind_ros2_msgs/environment/path.dsv\n'}
[104.714129] (-) TimerEvent: {}
[104.754669] (marvelmind_ros2_msgs) StdoutLine: {'line': b'-- Symlinking: /home/hutalia/ROS2_Hutalia/ros2_ws/install/marvelmind_ros2_msgs/share/marvelmind_ros2_msgs/local_setup.bash\n'}
[104.799175] (marvelmind_ros2_msgs) StdoutLine: {'line': b'-- Symlinking: /home/hutalia/ROS2_Hutalia/ros2_ws/install/marvelmind_ros2_msgs/share/marvelmind_ros2_msgs/local_setup.sh\n'}
[104.814316] (-) TimerEvent: {}
[104.843117] (marvelmind_ros2_msgs) StdoutLine: {'line': b'-- Symlinking: /home/hutalia/ROS2_Hutalia/ros2_ws/install/marvelmind_ros2_msgs/share/marvelmind_ros2_msgs/local_setup.zsh\n'}
[104.886719] (marvelmind_ros2_msgs) StdoutLine: {'line': b'-- Symlinking: /home/hutalia/ROS2_Hutalia/ros2_ws/install/marvelmind_ros2_msgs/share/marvelmind_ros2_msgs/local_setup.dsv\n'}
[104.914510] (-) TimerEvent: {}
[104.933377] (marvelmind_ros2_msgs) StdoutLine: {'line': b'-- Symlinking: /home/hutalia/ROS2_Hutalia/ros2_ws/install/marvelmind_ros2_msgs/share/marvelmind_ros2_msgs/package.dsv\n'}
[104.977878] (marvelmind_ros2_msgs) StdoutLine: {'line': b'-- Symlinking: /home/hutalia/ROS2_Hutalia/ros2_ws/install/marvelmind_ros2_msgs/share/ament_index/resource_index/packages/marvelmind_ros2_msgs\n'}
[105.014698] (-) TimerEvent: {}
[105.022881] (marvelmind_ros2_msgs) StdoutLine: {'line': b'-- Symlinking: /home/hutalia/ROS2_Hutalia/ros2_ws/install/marvelmind_ros2_msgs/share/marvelmind_ros2_msgs/cmake/rosidl_cmake-extras.cmake\n'}
[105.067330] (marvelmind_ros2_msgs) StdoutLine: {'line': b'-- Symlinking: /home/hutalia/ROS2_Hutalia/ros2_ws/install/marvelmind_ros2_msgs/share/marvelmind_ros2_msgs/cmake/ament_cmake_export_dependencies-extras.cmake\n'}
[105.111119] (marvelmind_ros2_msgs) StdoutLine: {'line': b'-- Symlinking: /home/hutalia/ROS2_Hutalia/ros2_ws/install/marvelmind_ros2_msgs/share/marvelmind_ros2_msgs/cmake/ament_cmake_export_include_directories-extras.cmake\n'}
[105.114863] (-) TimerEvent: {}
[105.157015] (marvelmind_ros2_msgs) StdoutLine: {'line': b'-- Symlinking: /home/hutalia/ROS2_Hutalia/ros2_ws/install/marvelmind_ros2_msgs/share/marvelmind_ros2_msgs/cmake/ament_cmake_export_libraries-extras.cmake\n'}
[105.202703] (marvelmind_ros2_msgs) StdoutLine: {'line': b'-- Symlinking: /home/hutalia/ROS2_Hutalia/ros2_ws/install/marvelmind_ros2_msgs/share/marvelmind_ros2_msgs/cmake/ament_cmake_export_targets-extras.cmake\n'}
[105.215126] (-) TimerEvent: {}
[105.248256] (marvelmind_ros2_msgs) StdoutLine: {'line': b'-- Symlinking: /home/hutalia/ROS2_Hutalia/ros2_ws/install/marvelmind_ros2_msgs/share/marvelmind_ros2_msgs/cmake/rosidl_cmake_export_typesupport_targets-extras.cmake\n'}
[105.292386] (marvelmind_ros2_msgs) StdoutLine: {'line': b'-- Symlinking: /home/hutalia/ROS2_Hutalia/ros2_ws/install/marvelmind_ros2_msgs/share/marvelmind_ros2_msgs/cmake/rosidl_cmake_export_typesupport_libraries-extras.cmake\n'}
[105.315314] (-) TimerEvent: {}
[105.337478] (marvelmind_ros2_msgs) StdoutLine: {'line': b'-- Symlinking: /home/hutalia/ROS2_Hutalia/ros2_ws/install/marvelmind_ros2_msgs/share/marvelmind_ros2_msgs/cmake/marvelmind_ros2_msgsConfig.cmake\n'}
[105.381747] (marvelmind_ros2_msgs) StdoutLine: {'line': b'-- Symlinking: /home/hutalia/ROS2_Hutalia/ros2_ws/install/marvelmind_ros2_msgs/share/marvelmind_ros2_msgs/cmake/marvelmind_ros2_msgsConfig-version.cmake\n'}
[105.415500] (-) TimerEvent: {}
[105.428265] (marvelmind_ros2_msgs) StdoutLine: {'line': b'-- Symlinking: /home/hutalia/ROS2_Hutalia/ros2_ws/install/marvelmind_ros2_msgs/share/marvelmind_ros2_msgs/package.xml\n'}
[105.472422] (marvelmind_ros2_msgs) StdoutLine: {'line': b'-- Installing: /home/hutalia/ROS2_Hutalia/ros2_ws/install/marvelmind_ros2_msgs/lib/libmarvelmind_ros2_msgs__rosidl_generator_c.so\n'}
[105.476860] (marvelmind_ros2_msgs) StdoutLine: {'line': b'-- Set non-toolchain portion of runtime path of "/home/hutalia/ROS2_Hutalia/ros2_ws/install/marvelmind_ros2_msgs/lib/libmarvelmind_ros2_msgs__rosidl_generator_c.so" to ""\n'}
[105.477612] (marvelmind_ros2_msgs) StdoutLine: {'line': b'-- Installing: /home/hutalia/ROS2_Hutalia/ros2_ws/install/marvelmind_ros2_msgs/lib/libmarvelmind_ros2_msgs__rosidl_typesupport_fastrtps_c.so\n'}
[105.481608] (marvelmind_ros2_msgs) StdoutLine: {'line': b'-- Set non-toolchain portion of runtime path of "/home/hutalia/ROS2_Hutalia/ros2_ws/install/marvelmind_ros2_msgs/lib/libmarvelmind_ros2_msgs__rosidl_typesupport_fastrtps_c.so" to ""\n'}
[105.482344] (marvelmind_ros2_msgs) StdoutLine: {'line': b'-- Installing: /home/hutalia/ROS2_Hutalia/ros2_ws/install/marvelmind_ros2_msgs/lib/libmarvelmind_ros2_msgs__rosidl_typesupport_introspection_c.so\n'}
[105.485684] (marvelmind_ros2_msgs) StdoutLine: {'line': b'-- Set non-toolchain portion of runtime path of "/home/hutalia/ROS2_Hutalia/ros2_ws/install/marvelmind_ros2_msgs/lib/libmarvelmind_ros2_msgs__rosidl_typesupport_introspection_c.so" to ""\n'}
[105.486393] (marvelmind_ros2_msgs) StdoutLine: {'line': b'-- Installing: /home/hutalia/ROS2_Hutalia/ros2_ws/install/marvelmind_ros2_msgs/lib/libmarvelmind_ros2_msgs__rosidl_typesupport_c.so\n'}
[105.489421] (marvelmind_ros2_msgs) StdoutLine: {'line': b'-- Set non-toolchain portion of runtime path of "/home/hutalia/ROS2_Hutalia/ros2_ws/install/marvelmind_ros2_msgs/lib/libmarvelmind_ros2_msgs__rosidl_typesupport_c.so" to ""\n'}
[105.490108] (marvelmind_ros2_msgs) StdoutLine: {'line': b'-- Installing: /home/hutalia/ROS2_Hutalia/ros2_ws/install/marvelmind_ros2_msgs/lib/libmarvelmind_ros2_msgs__rosidl_typesupport_fastrtps_cpp.so\n'}
[105.495043] (marvelmind_ros2_msgs) StdoutLine: {'line': b'-- Set non-toolchain portion of runtime path of "/home/hutalia/ROS2_Hutalia/ros2_ws/install/marvelmind_ros2_msgs/lib/libmarvelmind_ros2_msgs__rosidl_typesupport_fastrtps_cpp.so" to ""\n'}
[105.495755] (marvelmind_ros2_msgs) StdoutLine: {'line': b'-- Installing: /home/hutalia/ROS2_Hutalia/ros2_ws/install/marvelmind_ros2_msgs/lib/libmarvelmind_ros2_msgs__rosidl_typesupport_introspection_cpp.so\n'}
[105.499927] (marvelmind_ros2_msgs) StdoutLine: {'line': b'-- Set non-toolchain portion of runtime path of "/home/hutalia/ROS2_Hutalia/ros2_ws/install/marvelmind_ros2_msgs/lib/libmarvelmind_ros2_msgs__rosidl_typesupport_introspection_cpp.so" to ""\n'}
[105.500705] (marvelmind_ros2_msgs) StdoutLine: {'line': b'-- Installing: /home/hutalia/ROS2_Hutalia/ros2_ws/install/marvelmind_ros2_msgs/lib/libmarvelmind_ros2_msgs__rosidl_typesupport_cpp.so\n'}
[105.504470] (marvelmind_ros2_msgs) StdoutLine: {'line': b'-- Set non-toolchain portion of runtime path of "/home/hutalia/ROS2_Hutalia/ros2_ws/install/marvelmind_ros2_msgs/lib/libmarvelmind_ros2_msgs__rosidl_typesupport_cpp.so" to ""\n'}
[105.515729] (-) TimerEvent: {}
[105.616562] (-) TimerEvent: {}
[105.717238] (-) TimerEvent: {}
[105.761021] (marvelmind_ros2_msgs) StdoutLine: {'line': b"Listing '/home/hutalia/ROS2_Hutalia/ros2_ws/install/marvelmind_ros2_msgs/lib/python3.12/site-packages/marvelmind_ros2_msgs'...\n"}
[105.762636] (marvelmind_ros2_msgs) StdoutLine: {'line': b"Compiling '/home/hutalia/ROS2_Hutalia/ros2_ws/install/marvelmind_ros2_msgs/lib/python3.12/site-packages/marvelmind_ros2_msgs/__init__.py'...\n"}
[105.764091] (marvelmind_ros2_msgs) StdoutLine: {'line': b"Listing '/home/hutalia/ROS2_Hutalia/ros2_ws/install/marvelmind_ros2_msgs/lib/python3.12/site-packages/marvelmind_ros2_msgs/msg'...\n"}
[105.765358] (marvelmind_ros2_msgs) StdoutLine: {'line': b"Compiling '/home/hutalia/ROS2_Hutalia/ros2_ws/install/marvelmind_ros2_msgs/lib/python3.12/site-packages/marvelmind_ros2_msgs/msg/__init__.py'...\n"}
[105.766606] (marvelmind_ros2_msgs) StdoutLine: {'line': b"Compiling '/home/hutalia/ROS2_Hutalia/ros2_ws/install/marvelmind_ros2_msgs/lib/python3.12/site-packages/marvelmind_ros2_msgs/msg/_beacon_distance.py'...\n"}
[105.767754] (marvelmind_ros2_msgs) StdoutLine: {'line': b"Compiling '/home/hutalia/ROS2_Hutalia/ros2_ws/install/marvelmind_ros2_msgs/lib/python3.12/site-packages/marvelmind_ros2_msgs/msg/_beacon_position_addressed.py'...\n"}
[105.768756] (marvelmind_ros2_msgs) StdoutLine: {'line': b"Compiling '/home/hutalia/ROS2_Hutalia/ros2_ws/install/marvelmind_ros2_msgs/lib/python3.12/site-packages/marvelmind_ros2_msgs/msg/_hedge_imu_fusion.py'...\n"}
[105.770496] (marvelmind_ros2_msgs) StdoutLine: {'line': b"Compiling '/home/hutalia/ROS2_Hutalia/ros2_ws/install/marvelmind_ros2_msgs/lib/python3.12/site-packages/marvelmind_ros2_msgs/msg/_hedge_imu_raw.py'...\n"}
[105.771762] (marvelmind_ros2_msgs) StdoutLine: {'line': b"Compiling '/home/hutalia/ROS2_Hutalia/ros2_ws/install/marvelmind_ros2_msgs/lib/python3.12/site-packages/marvelmind_ros2_msgs/msg/_hedge_position.py'...\n"}
[105.773028] (marvelmind_ros2_msgs) StdoutLine: {'line': b"Compiling '/home/hutalia/ROS2_Hutalia/ros2_ws/install/marvelmind_ros2_msgs/lib/python3.12/site-packages/marvelmind_ros2_msgs/msg/_hedge_position_addressed.py'...\n"}
[105.774524] (marvelmind_ros2_msgs) StdoutLine: {'line': b"Compiling '/home/hutalia/ROS2_Hutalia/ros2_ws/install/marvelmind_ros2_msgs/lib/python3.12/site-packages/marvelmind_ros2_msgs/msg/_hedge_position_angle.py'...\n"}
[105.775797] (marvelmind_ros2_msgs) StdoutLine: {'line': b"Compiling '/home/hutalia/ROS2_Hutalia/ros2_ws/install/marvelmind_ros2_msgs/lib/python3.12/site-packages/marvelmind_ros2_msgs/msg/_hedge_quality.py'...\n"}
[105.777023] (marvelmind_ros2_msgs) StdoutLine: {'line': b"Compiling '/home/hutalia/ROS2_Hutalia/ros2_ws/install/marvelmind_ros2_msgs/lib/python3.12/site-packages/marvelmind_ros2_msgs/msg/_hedge_telemetry.py'...\n"}
[105.778461] (marvelmind_ros2_msgs) StdoutLine: {'line': b"Compiling '/home/hutalia/ROS2_Hutalia/ros2_ws/install/marvelmind_ros2_msgs/lib/python3.12/site-packages/marvelmind_ros2_msgs/msg/_marvelmind_user_data.py'...\n"}
[105.779373] (marvelmind_ros2_msgs) StdoutLine: {'line': b"Compiling '/home/hutalia/ROS2_Hutalia/ros2_ws/install/marvelmind_ros2_msgs/lib/python3.12/site-packages/marvelmind_ros2_msgs/msg/_marvelmind_waypoint.py'...\n"}
[105.780090] (marvelmind_ros2_msgs) StdoutLine: {'line': b"Listing '/home/hutalia/ROS2_Hutalia/ros2_ws/install/marvelmind_ros2_msgs/lib/python3.12/site-packages/marvelmind_ros2_msgs/srv'...\n"}
[105.780833] (marvelmind_ros2_msgs) StdoutLine: {'line': b"Compiling '/home/hutalia/ROS2_Hutalia/ros2_ws/install/marvelmind_ros2_msgs/lib/python3.12/site-packages/marvelmind_ros2_msgs/srv/__init__.py'...\n"}
[105.781511] (marvelmind_ros2_msgs) StdoutLine: {'line': b"Compiling '/home/hutalia/ROS2_Hutalia/ros2_ws/install/marvelmind_ros2_msgs/lib/python3.12/site-packages/marvelmind_ros2_msgs/srv/_marvelmind_api.py'...\n"}
[105.796025] (marvelmind_ros2_msgs) StdoutLine: {'line': b'-- Installing: /home/hutalia/ROS2_Hutalia/ros2_ws/install/marvelmind_ros2_msgs/lib/libmarvelmind_ros2_msgs__rosidl_generator_py.so\n'}
[105.799867] (marvelmind_ros2_msgs) StdoutLine: {'line': b'-- Set non-toolchain portion of runtime path of "/home/hutalia/ROS2_Hutalia/ros2_ws/install/marvelmind_ros2_msgs/lib/libmarvelmind_ros2_msgs__rosidl_generator_py.so" to ""\n'}
[105.800585] (marvelmind_ros2_msgs) StdoutLine: {'line': b'-- Installing: /home/hutalia/ROS2_Hutalia/ros2_ws/install/marvelmind_ros2_msgs/share/marvelmind_ros2_msgs/cmake/export_marvelmind_ros2_msgs__rosidl_generator_cExport.cmake\n'}
[105.802161] (marvelmind_ros2_msgs) StdoutLine: {'line': b'-- Installing: /home/hutalia/ROS2_Hutalia/ros2_ws/install/marvelmind_ros2_msgs/share/marvelmind_ros2_msgs/cmake/export_marvelmind_ros2_msgs__rosidl_generator_cExport-noconfig.cmake\n'}
[105.803823] (marvelmind_ros2_msgs) StdoutLine: {'line': b'-- Installing: /home/hutalia/ROS2_Hutalia/ros2_ws/install/marvelmind_ros2_msgs/share/marvelmind_ros2_msgs/cmake/export_marvelmind_ros2_msgs__rosidl_typesupport_fastrtps_cExport.cmake\n'}
[105.805543] (marvelmind_ros2_msgs) StdoutLine: {'line': b'-- Installing: /home/hutalia/ROS2_Hutalia/ros2_ws/install/marvelmind_ros2_msgs/share/marvelmind_ros2_msgs/cmake/export_marvelmind_ros2_msgs__rosidl_typesupport_fastrtps_cExport-noconfig.cmake\n'}
[105.807442] (marvelmind_ros2_msgs) StdoutLine: {'line': b'-- Installing: /home/hutalia/ROS2_Hutalia/ros2_ws/install/marvelmind_ros2_msgs/share/marvelmind_ros2_msgs/cmake/marvelmind_ros2_msgs__rosidl_typesupport_introspection_cExport.cmake\n'}
[105.809154] (marvelmind_ros2_msgs) StdoutLine: {'line': b'-- Installing: /home/hutalia/ROS2_Hutalia/ros2_ws/install/marvelmind_ros2_msgs/share/marvelmind_ros2_msgs/cmake/marvelmind_ros2_msgs__rosidl_typesupport_introspection_cExport-noconfig.cmake\n'}
[105.810906] (marvelmind_ros2_msgs) StdoutLine: {'line': b'-- Installing: /home/hutalia/ROS2_Hutalia/ros2_ws/install/marvelmind_ros2_msgs/share/marvelmind_ros2_msgs/cmake/marvelmind_ros2_msgs__rosidl_typesupport_cExport.cmake\n'}
[105.812567] (marvelmind_ros2_msgs) StdoutLine: {'line': b'-- Installing: /home/hutalia/ROS2_Hutalia/ros2_ws/install/marvelmind_ros2_msgs/share/marvelmind_ros2_msgs/cmake/marvelmind_ros2_msgs__rosidl_typesupport_cExport-noconfig.cmake\n'}
[105.814341] (marvelmind_ros2_msgs) StdoutLine: {'line': b'-- Installing: /home/hutalia/ROS2_Hutalia/ros2_ws/install/marvelmind_ros2_msgs/share/marvelmind_ros2_msgs/cmake/export_marvelmind_ros2_msgs__rosidl_generator_cppExport.cmake\n'}
[105.816137] (marvelmind_ros2_msgs) StdoutLine: {'line': b'-- Installing: /home/hutalia/ROS2_Hutalia/ros2_ws/install/marvelmind_ros2_msgs/share/marvelmind_ros2_msgs/cmake/export_marvelmind_ros2_msgs__rosidl_typesupport_fastrtps_cppExport.cmake\n'}
[105.817342] (-) TimerEvent: {}
[105.817878] (marvelmind_ros2_msgs) StdoutLine: {'line': b'-- Installing: /home/hutalia/ROS2_Hutalia/ros2_ws/install/marvelmind_ros2_msgs/share/marvelmind_ros2_msgs/cmake/export_marvelmind_ros2_msgs__rosidl_typesupport_fastrtps_cppExport-noconfig.cmake\n'}
[105.819733] (marvelmind_ros2_msgs) StdoutLine: {'line': b'-- Installing: /home/hutalia/ROS2_Hutalia/ros2_ws/install/marvelmind_ros2_msgs/share/marvelmind_ros2_msgs/cmake/marvelmind_ros2_msgs__rosidl_typesupport_introspection_cppExport.cmake\n'}
[105.821436] (marvelmind_ros2_msgs) StdoutLine: {'line': b'-- Installing: /home/hutalia/ROS2_Hutalia/ros2_ws/install/marvelmind_ros2_msgs/share/marvelmind_ros2_msgs/cmake/marvelmind_ros2_msgs__rosidl_typesupport_introspection_cppExport-noconfig.cmake\n'}
[105.823162] (marvelmind_ros2_msgs) StdoutLine: {'line': b'-- Installing: /home/hutalia/ROS2_Hutalia/ros2_ws/install/marvelmind_ros2_msgs/share/marvelmind_ros2_msgs/cmake/marvelmind_ros2_msgs__rosidl_typesupport_cppExport.cmake\n'}
[105.824921] (marvelmind_ros2_msgs) StdoutLine: {'line': b'-- Installing: /home/hutalia/ROS2_Hutalia/ros2_ws/install/marvelmind_ros2_msgs/share/marvelmind_ros2_msgs/cmake/marvelmind_ros2_msgs__rosidl_typesupport_cppExport-noconfig.cmake\n'}
[105.826740] (marvelmind_ros2_msgs) StdoutLine: {'line': b'-- Installing: /home/hutalia/ROS2_Hutalia/ros2_ws/install/marvelmind_ros2_msgs/share/marvelmind_ros2_msgs/cmake/export_marvelmind_ros2_msgs__rosidl_generator_pyExport.cmake\n'}
[105.828580] (marvelmind_ros2_msgs) StdoutLine: {'line': b'-- Installing: /home/hutalia/ROS2_Hutalia/ros2_ws/install/marvelmind_ros2_msgs/share/marvelmind_ros2_msgs/cmake/export_marvelmind_ros2_msgs__rosidl_generator_pyExport-noconfig.cmake\n'}
[105.837647] (marvelmind_ros2_msgs) CommandEnded: {'returncode': 0}
[105.917498] (-) TimerEvent: {}
[105.972962] (marvelmind_ros2_msgs) JobEnded: {'identifier': 'marvelmind_ros2_msgs', 'rc': 0}
[105.976680] (droneload) JobStarted: {'identifier': 'droneload'}
[105.996070] (marvelmind_ros2) JobStarted: {'identifier': 'marvelmind_ros2'}
[106.017715] (-) TimerEvent: {}
[106.118397] (-) TimerEvent: {}
[106.219199] (-) TimerEvent: {}
[106.320372] (-) TimerEvent: {}
[106.421016] (-) TimerEvent: {}
[106.521649] (-) TimerEvent: {}
[106.622292] (-) TimerEvent: {}
[106.728570] (-) TimerEvent: {}
[106.829195] (-) TimerEvent: {}
[106.929929] (-) TimerEvent: {}
[106.960953] (marvelmind_ros2) JobProgress: {'identifier': 'marvelmind_ros2', 'progress': 'cmake'}
[106.966335] (marvelmind_ros2) Command: {'cmd': ['/usr/bin/cmake', '/home/hutalia/ROS2_Hutalia/ros2_ws/src/marvelmind_ros2_upstream', '-DAMENT_CMAKE_SYMLINK_INSTALL=1', '-DCMAKE_INSTALL_PREFIX=/home/hutalia/ROS2_Hutalia/ros2_ws/install/marvelmind_ros2'], 'cwd': '/home/hutalia/ROS2_Hutalia/ros2_ws/build/marvelmind_ros2', 'env': OrderedDict({'LESSOPEN': '| /usr/bin/lesspipe %s', 'USER': 'hutalia', 'SSH_CLIENT': '2a01:cb06:c011:eb78:e589:ea6c:aefc:5bd1 56475 22', 'XDG_SESSION_TYPE': 'tty', 'GIT_ASKPASS': '/home/hutalia/.vscode-server/cli/servers/Stable-8b640eef5a6c6089c029249d48efa5c99adf7d51/server/extensions/git/dist/askpass.sh', 'SHLVL': '1', 'LD_LIBRARY_PATH': '/home/hutalia/ROS2_Hutalia/ros2_ws/install/marvelmind_ros2_msgs/lib:/opt/ros/jazzy/lib/aarch64-linux-gnu:/opt/ros/jazzy/lib', 'BROWSER': '/home/hutalia/.vscode-server/cli/servers/Stable-8b640eef5a6c6089c029249d48efa5c99adf7d51/server/bin/helpers/browser.sh', 'HOME': '/home/hutalia', 'OLDPWD': '/home/hutalia/ROS2_Hutalia/ros2_ws/src', 'TERM_PROGRAM_VERSION': '1.119.0', 'VSCODE_IPC_HOOK_CLI': '/run/user/1000/vscode-ipc-3fd95f3a-8a5c-4a75-9b42-b11f68cb7f34.sock', 'ROS_PYTHON_VERSION': '3', 'VSCODE_GIT_ASKPASS_MAIN': '/home/hutalia/.vscode-server/cli/servers/Stable-8b640eef5a6c6089c029249d48efa5c99adf7d51/server/extensions/git/dist/askpass-main.js', 'VSCODE_GIT_ASKPASS_NODE': '/home/hutalia/.vscode-server/cli/servers/Stable-8b640eef5a6c6089c029249d48efa5c99adf7d51/server/node', 'VSCODE_PYTHON_AUTOACTIVATE_GUARD': '1', 'DBUS_SESSION_BUS_ADDRESS': 'unix:path=/run/user/1000/bus', 'COLORTERM': 'truecolor', 'ROS_DISTRO': 'jazzy', 'LOGNAME': 'hutalia', '_': '/usr/bin/colcon', 'ROS_VERSION': '2', 'XDG_SESSION_CLASS': 'user', 'TERM': 'xterm-256color', 'XDG_SESSION_ID': '17', 'PATH': '/home/hutalia/.vscode-server/data/User/globalStorage/github.copilot-chat/debugCommand:/home/hutalia/.vscode-server/data/User/globalStorage/github.copilot-chat/copilotCli:/home/hutalia/.vscode-server/cli/servers/Stable-8b640eef5a6c6089c029249d48efa5c99adf7d51/server/bin/remote-cli:/home/hutalia/.local/bin:/opt/ros/jazzy/bin:/usr/local/sbin:/usr/local/bin:/usr/sbin:/usr/bin:/sbin:/bin:/usr/games:/usr/local/games:/snap/bin', 'XDG_RUNTIME_DIR': '/run/user/1000', 'LANG': 'C.UTF-8', 'LS_COLORS': 'rs=0:di=01;34:ln=01;36:mh=00:pi=40;33:so=01;35:do=01;35:bd=40;33;01:cd=40;33;01:or=40;31;01:mi=00:su=37;41:sg=30;43:ca=00:tw=30;42:ow=34;42:st=37;44:ex=01;32:*.tar=01;31:*.tgz=01;31:*.arc=01;31:*.arj=01;31:*.taz=01;31:*.lha=01;31:*.lz4=01;31:*.lzh=01;31:*.lzma=01;31:*.tlz=01;31:*.txz=01;31:*.tzo=01;31:*.t7z=01;31:*.zip=01;31:*.z=01;31:*.dz=01;31:*.gz=01;31:*.lrz=01;31:*.lz=01;31:*.lzo=01;31:*.xz=01;31:*.zst=01;31:*.tzst=01;31:*.bz2=01;31:*.bz=01;31:*.tbz=01;31:*.tbz2=01;31:*.tz=01;31:*.deb=01;31:*.rpm=01;31:*.jar=01;31:*.war=01;31:*.ear=01;31:*.sar=01;31:*.rar=01;31:*.alz=01;31:*.ace=01;31:*.zoo=01;31:*.cpio=01;31:*.7z=01;31:*.rz=01;31:*.cab=01;31:*.wim=01;31:*.swm=01;31:*.dwm=01;31:*.esd=01;31:*.avif=01;35:*.jpg=01;35:*.jpeg=01;35:*.mjpg=01;35:*.mjpeg=01;35:*.gif=01;35:*.bmp=01;35:*.pbm=01;35:*.pgm=01;35:*.ppm=01;35:*.tga=01;35:*.xbm=01;35:*.xpm=01;35:*.tif=01;35:*.tiff=01;35:*.png=01;35:*.svg=01;35:*.svgz=01;35:*.mng=01;35:*.pcx=01;35:*.mov=01;35:*.mpg=01;35:*.mpeg=01;35:*.m2v=01;35:*.mkv=01;35:*.webm=01;35:*.webp=01;35:*.ogm=01;35:*.mp4=01;35:*.m4v=01;35:*.mp4v=01;35:*.vob=01;35:*.qt=01;35:*.nuv=01;35:*.wmv=01;35:*.asf=01;35:*.rm=01;35:*.rmvb=01;35:*.flc=01;35:*.avi=01;35:*.fli=01;35:*.flv=01;35:*.gl=01;35:*.dl=01;35:*.xcf=01;35:*.xwd=01;35:*.yuv=01;35:*.cgm=01;35:*.emf=01;35:*.ogv=01;35:*.ogx=01;35:*.aac=00;36:*.au=00;36:*.flac=00;36:*.m4a=00;36:*.mid=00;36:*.midi=00;36:*.mka=00;36:*.mp3=00;36:*.mpc=00;36:*.ogg=00;36:*.ra=00;36:*.wav=00;36:*.oga=00;36:*.opus=00;36:*.spx=00;36:*.xspf=00;36:*~=00;90:*#=00;90:*.bak=00;90:*.crdownload=00;90:*.dpkg-dist=00;90:*.dpkg-new=00;90:*.dpkg-old=00;90:*.dpkg-tmp=00;90:*.old=00;90:*.orig=00;90:*.part=00;90:*.rej=00;90:*.rpmnew=00;90:*.rpmorig=00;90:*.rpmsave=00;90:*.swp=00;90:*.tmp=00;90:*.ucf-dist=00;90:*.ucf-new=00;90:*.ucf-old=00;90:', 'VSCODE_GIT_IPC_HANDLE': '/run/user/1000/vscode-git-539e04a5ba.sock', 'TERM_PROGRAM': 'vscode', 'AMENT_PREFIX_PATH': '/home/hutalia/ROS2_Hutalia/ros2_ws/install/marvelmind_ros2_msgs:/opt/ros/jazzy', 'SHELL': '/bin/bash', 'LESSCLOSE': '/usr/bin/lesspipe %s %s', 'ROS_AUTOMATIC_DISCOVERY_RANGE': 'SUBNET', 'VSCODE_GIT_ASKPASS_EXTRA_ARGS': '', 'PWD': '/home/hutalia/ROS2_Hutalia/ros2_ws/build/marvelmind_ros2', 'SSH_CONNECTION': '2a01:cb06:c011:eb78:e589:ea6c:aefc:5bd1 56475 2a01:cb06:c011:eb78:da3a:ddff:fe16:54b3 22', 'XDG_DATA_DIRS': '/usr/local/share:/usr/share:/var/lib/snapd/desktop', 'PYTHONPATH': '/home/hutalia/ROS2_Hutalia/ros2_ws/install/marvelmind_ros2_msgs/lib/python3.12/site-packages:/opt/ros/jazzy/lib/python3.12/site-packages', 'COLCON': '1', 'CMAKE_PREFIX_PATH': '/home/hutalia/ROS2_Hutalia/ros2_ws/install/marvelmind_ros2_msgs:/opt/ros/jazzy'}), 'shell': False}
[107.030137] (-) TimerEvent: {}
[107.130892] (-) TimerEvent: {}
[107.231679] (-) TimerEvent: {}
[107.278021] (marvelmind_ros2) StdoutLine: {'line': b'-- The C compiler identification is GNU 13.3.0\n'}
[107.331834] (-) TimerEvent: {}
[107.432667] (-) TimerEvent: {}
[107.533445] (-) TimerEvent: {}
[107.589421] (marvelmind_ros2) StdoutLine: {'line': b'-- The CXX compiler identification is GNU 13.3.0\n'}
[107.633635] (-) TimerEvent: {}
[107.676224] (marvelmind_ros2) StdoutLine: {'line': b'-- Detecting C compiler ABI info\n'}
[107.733867] (-) TimerEvent: {}
[107.834637] (-) TimerEvent: {}
[107.935386] (-) TimerEvent: {}
[108.036135] (-) TimerEvent: {}
[108.136893] (-) TimerEvent: {}
[108.166684] (marvelmind_ros2) StdoutLine: {'line': b'-- Detecting C compiler ABI info - done\n'}
[108.204436] (marvelmind_ros2) StdoutLine: {'line': b'-- Check for working C compiler: /usr/bin/cc - skipped\n'}
[108.205987] (marvelmind_ros2) StdoutLine: {'line': b'-- Detecting C compile features\n'}
[108.207228] (marvelmind_ros2) StdoutLine: {'line': b'-- Detecting C compile features - done\n'}
[108.237040] (-) TimerEvent: {}
[108.267030] (marvelmind_ros2) StdoutLine: {'line': b'-- Detecting CXX compiler ABI info\n'}
[108.337236] (-) TimerEvent: {}
[108.438001] (-) TimerEvent: {}
[108.539150] (-) TimerEvent: {}
[108.642185] (-) TimerEvent: {}
[108.742881] (-) TimerEvent: {}
[108.843654] (-) TimerEvent: {}
[108.950264] (-) TimerEvent: {}
[108.954885] (marvelmind_ros2) StdoutLine: {'line': b'-- Detecting CXX compiler ABI info - done\n'}
[109.017252] (marvelmind_ros2) StdoutLine: {'line': b'-- Check for working CXX compiler: /usr/bin/c++ - skipped\n'}
[109.019857] (marvelmind_ros2) StdoutLine: {'line': b'-- Detecting CXX compile features\n'}
[109.020575] (marvelmind_ros2) StdoutLine: {'line': b'-- Detecting CXX compile features - done\n'}
[109.046043] (marvelmind_ros2) StdoutLine: {'line': b'-- Found ament_cmake: 2.5.6 (/opt/ros/jazzy/share/ament_cmake/cmake)\n'}
[109.050458] (-) TimerEvent: {}
[109.154211] (-) TimerEvent: {}
[109.255181] (-) TimerEvent: {}
[109.359252] (-) TimerEvent: {}
[109.460377] (-) TimerEvent: {}
[109.561266] (-) TimerEvent: {}
[109.662548] (-) TimerEvent: {}
[109.763631] (-) TimerEvent: {}
[109.864483] (-) TimerEvent: {}
[109.951035] (marvelmind_ros2) StdoutLine: {'line': b'-- Found Python3: /usr/bin/python3 (found version "3.12.3") found components: Interpreter \n'}
[109.964651] (-) TimerEvent: {}
[110.066164] (-) TimerEvent: {}
[110.166903] (-) TimerEvent: {}
[110.267692] (-) TimerEvent: {}
[110.342108] (marvelmind_ros2) StdoutLine: {'line': b'-- Override CMake install command with custom implementation using symlinks instead of copying resources\n'}
[110.367851] (-) TimerEvent: {}
[110.469134] (-) TimerEvent: {}
[110.569779] (-) TimerEvent: {}
[110.613123] (marvelmind_ros2) StdoutLine: {'line': b'-- Found rclcpp: 28.1.18 (/opt/ros/jazzy/share/rclcpp/cmake)\n'}
[110.669975] (-) TimerEvent: {}
[110.770779] (-) TimerEvent: {}
[110.871985] (-) TimerEvent: {}
[110.939999] (marvelmind_ros2) StdoutLine: {'line': b'-- Found rosidl_generator_c: 4.6.7 (/opt/ros/jazzy/share/rosidl_generator_c/cmake)\n'}
[110.972295] (-) TimerEvent: {}
[111.051319] (marvelmind_ros2) StdoutLine: {'line': b'-- Found rosidl_generator_cpp: 4.6.7 (/opt/ros/jazzy/share/rosidl_generator_cpp/cmake)\n'}
[111.062309] (droneload) Command: {'cmd': ['/usr/bin/python3', '-W', 'ignore:setup.py install is deprecated', '-W', 'ignore:easy_install command is deprecated', 'setup.py', 'develop', '--editable', '--build-directory', '/home/hutalia/ROS2_Hutalia/ros2_ws/build/droneload/build', '--no-deps', 'symlink_data'], 'cwd': '/home/hutalia/ROS2_Hutalia/ros2_ws/build/droneload', 'env': {'LESSOPEN': '| /usr/bin/lesspipe %s', 'USER': 'hutalia', 'SSH_CLIENT': '2a01:cb06:c011:eb78:e589:ea6c:aefc:5bd1 56475 22', 'XDG_SESSION_TYPE': 'tty', 'GIT_ASKPASS': '/home/hutalia/.vscode-server/cli/servers/Stable-8b640eef5a6c6089c029249d48efa5c99adf7d51/server/extensions/git/dist/askpass.sh', 'SHLVL': '1', 'LD_LIBRARY_PATH': '/home/hutalia/ROS2_Hutalia/ros2_ws/install/marvelmind_ros2_msgs/lib:/opt/ros/jazzy/lib/aarch64-linux-gnu:/opt/ros/jazzy/lib', 'BROWSER': '/home/hutalia/.vscode-server/cli/servers/Stable-8b640eef5a6c6089c029249d48efa5c99adf7d51/server/bin/helpers/browser.sh', 'HOME': '/home/hutalia', 'OLDPWD': '/home/hutalia/ROS2_Hutalia/ros2_ws/src', 'TERM_PROGRAM_VERSION': '1.119.0', 'VSCODE_IPC_HOOK_CLI': '/run/user/1000/vscode-ipc-3fd95f3a-8a5c-4a75-9b42-b11f68cb7f34.sock', 'ROS_PYTHON_VERSION': '3', 'VSCODE_GIT_ASKPASS_MAIN': '/home/hutalia/.vscode-server/cli/servers/Stable-8b640eef5a6c6089c029249d48efa5c99adf7d51/server/extensions/git/dist/askpass-main.js', 'VSCODE_GIT_ASKPASS_NODE': '/home/hutalia/.vscode-server/cli/servers/Stable-8b640eef5a6c6089c029249d48efa5c99adf7d51/server/node', 'VSCODE_PYTHON_AUTOACTIVATE_GUARD': '1', 'DBUS_SESSION_BUS_ADDRESS': 'unix:path=/run/user/1000/bus', 'COLORTERM': 'truecolor', 'ROS_DISTRO': 'jazzy', 'LOGNAME': 'hutalia', '_': '/usr/bin/colcon', 'ROS_VERSION': '2', 'XDG_SESSION_CLASS': 'user', 'TERM': 'xterm-256color', 'XDG_SESSION_ID': '17', 'PATH': '/home/hutalia/.vscode-server/data/User/globalStorage/github.copilot-chat/debugCommand:/home/hutalia/.vscode-server/data/User/globalStorage/github.copilot-chat/copilotCli:/home/hutalia/.vscode-server/cli/servers/Stable-8b640eef5a6c6089c029249d48efa5c99adf7d51/server/bin/remote-cli:/home/hutalia/.local/bin:/opt/ros/jazzy/bin:/usr/local/sbin:/usr/local/bin:/usr/sbin:/usr/bin:/sbin:/bin:/usr/games:/usr/local/games:/snap/bin', 'XDG_RUNTIME_DIR': '/run/user/1000', 'LANG': 'C.UTF-8', 'LS_COLORS': 'rs=0:di=01;34:ln=01;36:mh=00:pi=40;33:so=01;35:do=01;35:bd=40;33;01:cd=40;33;01:or=40;31;01:mi=00:su=37;41:sg=30;43:ca=00:tw=30;42:ow=34;42:st=37;44:ex=01;32:*.tar=01;31:*.tgz=01;31:*.arc=01;31:*.arj=01;31:*.taz=01;31:*.lha=01;31:*.lz4=01;31:*.lzh=01;31:*.lzma=01;31:*.tlz=01;31:*.txz=01;31:*.tzo=01;31:*.t7z=01;31:*.zip=01;31:*.z=01;31:*.dz=01;31:*.gz=01;31:*.lrz=01;31:*.lz=01;31:*.lzo=01;31:*.xz=01;31:*.zst=01;31:*.tzst=01;31:*.bz2=01;31:*.bz=01;31:*.tbz=01;31:*.tbz2=01;31:*.tz=01;31:*.deb=01;31:*.rpm=01;31:*.jar=01;31:*.war=01;31:*.ear=01;31:*.sar=01;31:*.rar=01;31:*.alz=01;31:*.ace=01;31:*.zoo=01;31:*.cpio=01;31:*.7z=01;31:*.rz=01;31:*.cab=01;31:*.wim=01;31:*.swm=01;31:*.dwm=01;31:*.esd=01;31:*.avif=01;35:*.jpg=01;35:*.jpeg=01;35:*.mjpg=01;35:*.mjpeg=01;35:*.gif=01;35:*.bmp=01;35:*.pbm=01;35:*.pgm=01;35:*.ppm=01;35:*.tga=01;35:*.xbm=01;35:*.xpm=01;35:*.tif=01;35:*.tiff=01;35:*.png=01;35:*.svg=01;35:*.svgz=01;35:*.mng=01;35:*.pcx=01;35:*.mov=01;35:*.mpg=01;35:*.mpeg=01;35:*.m2v=01;35:*.mkv=01;35:*.webm=01;35:*.webp=01;35:*.ogm=01;35:*.mp4=01;35:*.m4v=01;35:*.mp4v=01;35:*.vob=01;35:*.qt=01;35:*.nuv=01;35:*.wmv=01;35:*.asf=01;35:*.rm=01;35:*.rmvb=01;35:*.flc=01;35:*.avi=01;35:*.fli=01;35:*.flv=01;35:*.gl=01;35:*.dl=01;35:*.xcf=01;35:*.xwd=01;35:*.yuv=01;35:*.cgm=01;35:*.emf=01;35:*.ogv=01;35:*.ogx=01;35:*.aac=00;36:*.au=00;36:*.flac=00;36:*.m4a=00;36:*.mid=00;36:*.midi=00;36:*.mka=00;36:*.mp3=00;36:*.mpc=00;36:*.ogg=00;36:*.ra=00;36:*.wav=00;36:*.oga=00;36:*.opus=00;36:*.spx=00;36:*.xspf=00;36:*~=00;90:*#=00;90:*.bak=00;90:*.crdownload=00;90:*.dpkg-dist=00;90:*.dpkg-new=00;90:*.dpkg-old=00;90:*.dpkg-tmp=00;90:*.old=00;90:*.orig=00;90:*.part=00;90:*.rej=00;90:*.rpmnew=00;90:*.rpmorig=00;90:*.rpmsave=00;90:*.swp=00;90:*.tmp=00;90:*.ucf-dist=00;90:*.ucf-new=00;90:*.ucf-old=00;90:', 'VSCODE_GIT_IPC_HANDLE': '/run/user/1000/vscode-git-539e04a5ba.sock', 'TERM_PROGRAM': 'vscode', 'AMENT_PREFIX_PATH': '/home/hutalia/ROS2_Hutalia/ros2_ws/install/marvelmind_ros2_msgs:/opt/ros/jazzy', 'SHELL': '/bin/bash', 'LESSCLOSE': '/usr/bin/lesspipe %s %s', 'ROS_AUTOMATIC_DISCOVERY_RANGE': 'SUBNET', 'VSCODE_GIT_ASKPASS_EXTRA_ARGS': '', 'PWD': '/home/hutalia/ROS2_Hutalia/ros2_ws/build/droneload', 'SSH_CONNECTION': '2a01:cb06:c011:eb78:e589:ea6c:aefc:5bd1 56475 2a01:cb06:c011:eb78:da3a:ddff:fe16:54b3 22', 'XDG_DATA_DIRS': '/usr/local/share:/usr/share:/var/lib/snapd/desktop', 'PYTHONPATH': '/home/hutalia/ROS2_Hutalia/ros2_ws/build/droneload/prefix_override:/usr/lib/python3/dist-packages/colcon_core/task/python/colcon_distutils_commands:/home/hutalia/ROS2_Hutalia/ros2_ws/install/droneload/lib/python3.12/site-packages:/home/hutalia/ROS2_Hutalia/ros2_ws/install/marvelmind_ros2_msgs/lib/python3.12/site-packages:/opt/ros/jazzy/lib/python3.12/site-packages', 'COLCON': '1', 'CMAKE_PREFIX_PATH': '/home/hutalia/ROS2_Hutalia/ros2_ws/install/marvelmind_ros2_msgs'}, 'shell': False}
[111.072467] (-) TimerEvent: {}
[111.158421] (marvelmind_ros2) StdoutLine: {'line': b'-- Using all available rosidl_typesupport_c: rosidl_typesupport_fastrtps_c;rosidl_typesupport_introspection_c\n'}
[111.172719] (-) TimerEvent: {}
[111.273609] (-) TimerEvent: {}
[111.277849] (marvelmind_ros2) StdoutLine: {'line': b'-- Using all available rosidl_typesupport_cpp: rosidl_typesupport_fastrtps_cpp;rosidl_typesupport_introspection_cpp\n'}
[111.373840] (-) TimerEvent: {}
[111.475343] (-) TimerEvent: {}
[111.576512] (-) TimerEvent: {}
[111.677341] (-) TimerEvent: {}
[111.777970] (-) TimerEvent: {}
[111.793689] (marvelmind_ros2) StdoutLine: {'line': b'-- Found rmw_implementation_cmake: 7.3.3 (/opt/ros/jazzy/share/rmw_implementation_cmake/cmake)\n'}
[111.822495] (marvelmind_ros2) StdoutLine: {'line': b'-- Found rmw_fastrtps_cpp: 8.4.3 (/opt/ros/jazzy/share/rmw_fastrtps_cpp/cmake)\n'}
[111.878147] (-) TimerEvent: {}
[111.978779] (-) TimerEvent: {}
[112.079478] (-) TimerEvent: {}
[112.180186] (-) TimerEvent: {}
[112.280879] (-) TimerEvent: {}
[112.342657] (marvelmind_ros2) StdoutLine: {'line': b'-- Found OpenSSL: /usr/lib/aarch64-linux-gnu/libcrypto.so (found version "3.0.13")  \n'}
[112.381107] (-) TimerEvent: {}
[112.435089] (marvelmind_ros2) StdoutLine: {'line': b'-- Found FastRTPS: /opt/ros/jazzy/include (Required is at least version "2.13") \n'}
[112.481276] (-) TimerEvent: {}
[112.540301] (marvelmind_ros2) StdoutLine: {'line': b"-- Using RMW implementation 'rmw_fastrtps_cpp' as default\n"}
[112.581419] (-) TimerEvent: {}
[112.648267] (droneload) StdoutLine: {'line': b'running develop\n'}
[112.681709] (-) TimerEvent: {}
[112.782418] (-) TimerEvent: {}
[112.883174] (-) TimerEvent: {}
[112.983915] (-) TimerEvent: {}
[113.017536] (marvelmind_ros2) StdoutLine: {'line': b'-- Found std_msgs: 5.3.7 (/opt/ros/jazzy/share/std_msgs/cmake)\n'}
[113.084116] (-) TimerEvent: {}
[113.093768] (marvelmind_ros2) StdoutLine: {'line': b'-- Found geometry_msgs: 5.3.7 (/opt/ros/jazzy/share/geometry_msgs/cmake)\n'}
[113.160955] (marvelmind_ros2) StdoutLine: {'line': b'-- Found marvelmind_ros2_msgs: 1.0.2 (/home/hutalia/ROS2_Hutalia/ros2_ws/install/marvelmind_ros2_msgs/share/marvelmind_ros2_msgs/cmake)\n'}
[113.184289] (-) TimerEvent: {}
[113.266550] (marvelmind_ros2) StdoutLine: {'line': b'-- Found rosidl_default_generators: 1.6.0 (/opt/ros/jazzy/share/rosidl_default_generators/cmake)\n'}
[113.284445] (-) TimerEvent: {}
[113.385132] (-) TimerEvent: {}
[113.401204] (marvelmind_ros2) StdoutLine: {'line': b'-- Found rosidl_adapter: 4.6.7 (/opt/ros/jazzy/share/rosidl_adapter/cmake)\n'}
[113.446448] (marvelmind_ros2) StdoutLine: {'line': b'-- Found ament_lint_auto: 0.17.5 (/opt/ros/jazzy/share/ament_lint_auto/cmake)\n'}
[113.485306] (-) TimerEvent: {}
[113.585965] (-) TimerEvent: {}
[113.686724] (-) TimerEvent: {}
[113.687903] (droneload) StdoutLine: {'line': b'running egg_info\n'}
[113.689187] (droneload) StdoutLine: {'line': b'creating droneload.egg-info\n'}
[113.786895] (-) TimerEvent: {}
[113.788368] (droneload) StdoutLine: {'line': b'writing droneload.egg-info/PKG-INFO\n'}
[113.789837] (droneload) StdoutLine: {'line': b'writing dependency_links to droneload.egg-info/dependency_links.txt\n'}
[113.790964] (droneload) StdoutLine: {'line': b'writing requirements to droneload.egg-info/requires.txt\n'}
[113.792113] (droneload) StdoutLine: {'line': b'writing top-level names to droneload.egg-info/top_level.txt\n'}
[113.792930] (droneload) StdoutLine: {'line': b"writing manifest file 'droneload.egg-info/SOURCES.txt'\n"}
[113.889244] (-) TimerEvent: {}
[113.990118] (-) TimerEvent: {}
[114.050623] (droneload) StdoutLine: {'line': b"reading manifest file 'droneload.egg-info/SOURCES.txt'\n"}
[114.053143] (droneload) StdoutLine: {'line': b"writing manifest file 'droneload.egg-info/SOURCES.txt'\n"}
[114.090311] (-) TimerEvent: {}
[114.148817] (droneload) StdoutLine: {'line': b'running build_ext\n'}
[114.149608] (droneload) StdoutLine: {'line': b'Creating /home/hutalia/ROS2_Hutalia/ros2_ws/install/droneload/lib/python3.12/site-packages/droneload.egg-link (link to .)\n'}
[114.151873] (droneload) StdoutLine: {'line': b'\n'}
[114.152592] (droneload) StdoutLine: {'line': b'Installed /home/hutalia/ROS2_Hutalia/ros2_ws/build/droneload\n'}
[114.153399] (droneload) StdoutLine: {'line': b'running symlink_data\n'}
[114.154416] (droneload) StdoutLine: {'line': b'creating /home/hutalia/ROS2_Hutalia/ros2_ws/install/droneload/share/ament_index\n'}
[114.155261] (droneload) StdoutLine: {'line': b'creating /home/hutalia/ROS2_Hutalia/ros2_ws/install/droneload/share/ament_index/resource_index\n'}
[114.157513] (marvelmind_ros2) StdoutLine: {'line': b"-- Added test 'cppcheck' to perform static code analysis on C / C++ code\n"}
[114.158923] (droneload) StdoutLine: {'line': b'creating /home/hutalia/ROS2_Hutalia/ros2_ws/install/droneload/share/ament_index/resource_index/packages\n'}
[114.161603] (droneload) StdoutLine: {'line': b'symbolically linking /home/hutalia/ROS2_Hutalia/ros2_ws/build/droneload/resource/droneload -> /home/hutalia/ROS2_Hutalia/ros2_ws/install/droneload/share/ament_index/resource_index/packages\n'}
[114.162909] (marvelmind_ros2) StdoutLine: {'line': b'-- Configured cppcheck include dirs: /home/hutalia/ROS2_Hutalia/ros2_ws/src/marvelmind_ros2_upstream/include\n'}
[114.164203] (marvelmind_ros2) StdoutLine: {'line': b'-- Configured cppcheck exclude dirs and/or files: \n'}
[114.165580] (droneload) StdoutLine: {'line': b'symbolically linking /home/hutalia/ROS2_Hutalia/ros2_ws/build/droneload/package.xml -> /home/hutalia/ROS2_Hutalia/ros2_ws/install/droneload/share/droneload\n'}
[114.190645] (-) TimerEvent: {}
[114.212747] (marvelmind_ros2) StdoutLine: {'line': b"-- Added test 'cpplint' to check C / C++ code against the Google style\n"}
[114.215450] (marvelmind_ros2) StdoutLine: {'line': b'-- Configured cpplint exclude dirs and/or files: \n'}
[114.225138] (marvelmind_ros2) StdoutLine: {'line': b"-- Added test 'flake8' to check Python code syntax and style conventions\n"}
[114.226638] (marvelmind_ros2) StdoutLine: {'line': b"-- Configured 'flake8' exclude dirs and/or files: \n"}
[114.242116] (marvelmind_ros2) StdoutLine: {'line': b"-- Added test 'lint_cmake' to check CMake code style\n"}
[114.253707] (marvelmind_ros2) StdoutLine: {'line': b"-- Added test 'pep257' to check Python code against some of the docstring style conventions in PEP 257\n"}
[114.290895] (-) TimerEvent: {}
[114.307857] (marvelmind_ros2) StdoutLine: {'line': b"-- Added test 'uncrustify' to check C / C++ code style\n"}
[114.310264] (marvelmind_ros2) StdoutLine: {'line': b'-- Configured uncrustify additional arguments: \n'}
[114.319808] (marvelmind_ros2) StdoutLine: {'line': b"-- Added test 'xmllint' to check XML markup files\n"}
[114.325670] (droneload) CommandEnded: {'returncode': 0}
[114.332425] (marvelmind_ros2) StdoutLine: {'line': b'-- Configuring done (7.3s)\n'}
[114.361077] (droneload) JobEnded: {'identifier': 'droneload', 'rc': 0}
[114.391086] (-) TimerEvent: {}
[114.446317] (marvelmind_ros2) StdoutLine: {'line': b'-- Generating done (0.1s)\n'}
[114.475636] (marvelmind_ros2) StdoutLine: {'line': b'-- Build files have been written to: /home/hutalia/ROS2_Hutalia/ros2_ws/build/marvelmind_ros2\n'}
[114.491341] (-) TimerEvent: {}
[114.527177] (marvelmind_ros2) CommandEnded: {'returncode': 0}
[114.529306] (marvelmind_ros2) JobProgress: {'identifier': 'marvelmind_ros2', 'progress': 'build'}
[114.533346] (marvelmind_ros2) Command: {'cmd': ['/usr/bin/cmake', '--build', '/home/hutalia/ROS2_Hutalia/ros2_ws/build/marvelmind_ros2', '--', '-j4', '-l4'], 'cwd': '/home/hutalia/ROS2_Hutalia/ros2_ws/build/marvelmind_ros2', 'env': OrderedDict({'LESSOPEN': '| /usr/bin/lesspipe %s', 'USER': 'hutalia', 'SSH_CLIENT': '2a01:cb06:c011:eb78:e589:ea6c:aefc:5bd1 56475 22', 'XDG_SESSION_TYPE': 'tty', 'GIT_ASKPASS': '/home/hutalia/.vscode-server/cli/servers/Stable-8b640eef5a6c6089c029249d48efa5c99adf7d51/server/extensions/git/dist/askpass.sh', 'SHLVL': '1', 'LD_LIBRARY_PATH': '/home/hutalia/ROS2_Hutalia/ros2_ws/install/marvelmind_ros2_msgs/lib:/opt/ros/jazzy/lib/aarch64-linux-gnu:/opt/ros/jazzy/lib', 'BROWSER': '/home/hutalia/.vscode-server/cli/servers/Stable-8b640eef5a6c6089c029249d48efa5c99adf7d51/server/bin/helpers/browser.sh', 'HOME': '/home/hutalia', 'OLDPWD': '/home/hutalia/ROS2_Hutalia/ros2_ws/src', 'TERM_PROGRAM_VERSION': '1.119.0', 'VSCODE_IPC_HOOK_CLI': '/run/user/1000/vscode-ipc-3fd95f3a-8a5c-4a75-9b42-b11f68cb7f34.sock', 'ROS_PYTHON_VERSION': '3', 'VSCODE_GIT_ASKPASS_MAIN': '/home/hutalia/.vscode-server/cli/servers/Stable-8b640eef5a6c6089c029249d48efa5c99adf7d51/server/extensions/git/dist/askpass-main.js', 'VSCODE_GIT_ASKPASS_NODE': '/home/hutalia/.vscode-server/cli/servers/Stable-8b640eef5a6c6089c029249d48efa5c99adf7d51/server/node', 'VSCODE_PYTHON_AUTOACTIVATE_GUARD': '1', 'DBUS_SESSION_BUS_ADDRESS': 'unix:path=/run/user/1000/bus', 'COLORTERM': 'truecolor', 'ROS_DISTRO': 'jazzy', 'LOGNAME': 'hutalia', '_': '/usr/bin/colcon', 'ROS_VERSION': '2', 'XDG_SESSION_CLASS': 'user', 'TERM': 'xterm-256color', 'XDG_SESSION_ID': '17', 'PATH': '/home/hutalia/.vscode-server/data/User/globalStorage/github.copilot-chat/debugCommand:/home/hutalia/.vscode-server/data/User/globalStorage/github.copilot-chat/copilotCli:/home/hutalia/.vscode-server/cli/servers/Stable-8b640eef5a6c6089c029249d48efa5c99adf7d51/server/bin/remote-cli:/home/hutalia/.local/bin:/opt/ros/jazzy/bin:/usr/local/sbin:/usr/local/bin:/usr/sbin:/usr/bin:/sbin:/bin:/usr/games:/usr/local/games:/snap/bin', 'XDG_RUNTIME_DIR': '/run/user/1000', 'LANG': 'C.UTF-8', 'LS_COLORS': 'rs=0:di=01;34:ln=01;36:mh=00:pi=40;33:so=01;35:do=01;35:bd=40;33;01:cd=40;33;01:or=40;31;01:mi=00:su=37;41:sg=30;43:ca=00:tw=30;42:ow=34;42:st=37;44:ex=01;32:*.tar=01;31:*.tgz=01;31:*.arc=01;31:*.arj=01;31:*.taz=01;31:*.lha=01;31:*.lz4=01;31:*.lzh=01;31:*.lzma=01;31:*.tlz=01;31:*.txz=01;31:*.tzo=01;31:*.t7z=01;31:*.zip=01;31:*.z=01;31:*.dz=01;31:*.gz=01;31:*.lrz=01;31:*.lz=01;31:*.lzo=01;31:*.xz=01;31:*.zst=01;31:*.tzst=01;31:*.bz2=01;31:*.bz=01;31:*.tbz=01;31:*.tbz2=01;31:*.tz=01;31:*.deb=01;31:*.rpm=01;31:*.jar=01;31:*.war=01;31:*.ear=01;31:*.sar=01;31:*.rar=01;31:*.alz=01;31:*.ace=01;31:*.zoo=01;31:*.cpio=01;31:*.7z=01;31:*.rz=01;31:*.cab=01;31:*.wim=01;31:*.swm=01;31:*.dwm=01;31:*.esd=01;31:*.avif=01;35:*.jpg=01;35:*.jpeg=01;35:*.mjpg=01;35:*.mjpeg=01;35:*.gif=01;35:*.bmp=01;35:*.pbm=01;35:*.pgm=01;35:*.ppm=01;35:*.tga=01;35:*.xbm=01;35:*.xpm=01;35:*.tif=01;35:*.tiff=01;35:*.png=01;35:*.svg=01;35:*.svgz=01;35:*.mng=01;35:*.pcx=01;35:*.mov=01;35:*.mpg=01;35:*.mpeg=01;35:*.m2v=01;35:*.mkv=01;35:*.webm=01;35:*.webp=01;35:*.ogm=01;35:*.mp4=01;35:*.m4v=01;35:*.mp4v=01;35:*.vob=01;35:*.qt=01;35:*.nuv=01;35:*.wmv=01;35:*.asf=01;35:*.rm=01;35:*.rmvb=01;35:*.flc=01;35:*.avi=01;35:*.fli=01;35:*.flv=01;35:*.gl=01;35:*.dl=01;35:*.xcf=01;35:*.xwd=01;35:*.yuv=01;35:*.cgm=01;35:*.emf=01;35:*.ogv=01;35:*.ogx=01;35:*.aac=00;36:*.au=00;36:*.flac=00;36:*.m4a=00;36:*.mid=00;36:*.midi=00;36:*.mka=00;36:*.mp3=00;36:*.mpc=00;36:*.ogg=00;36:*.ra=00;36:*.wav=00;36:*.oga=00;36:*.opus=00;36:*.spx=00;36:*.xspf=00;36:*~=00;90:*#=00;90:*.bak=00;90:*.crdownload=00;90:*.dpkg-dist=00;90:*.dpkg-new=00;90:*.dpkg-old=00;90:*.dpkg-tmp=00;90:*.old=00;90:*.orig=00;90:*.part=00;90:*.rej=00;90:*.rpmnew=00;90:*.rpmorig=00;90:*.rpmsave=00;90:*.swp=00;90:*.tmp=00;90:*.ucf-dist=00;90:*.ucf-new=00;90:*.ucf-old=00;90:', 'VSCODE_GIT_IPC_HANDLE': '/run/user/1000/vscode-git-539e04a5ba.sock', 'TERM_PROGRAM': 'vscode', 'AMENT_PREFIX_PATH': '/home/hutalia/ROS2_Hutalia/ros2_ws/install/marvelmind_ros2_msgs:/opt/ros/jazzy', 'SHELL': '/bin/bash', 'LESSCLOSE': '/usr/bin/lesspipe %s %s', 'ROS_AUTOMATIC_DISCOVERY_RANGE': 'SUBNET', 'VSCODE_GIT_ASKPASS_EXTRA_ARGS': '', 'PWD': '/home/hutalia/ROS2_Hutalia/ros2_ws/build/marvelmind_ros2', 'SSH_CONNECTION': '2a01:cb06:c011:eb78:e589:ea6c:aefc:5bd1 56475 2a01:cb06:c011:eb78:da3a:ddff:fe16:54b3 22', 'XDG_DATA_DIRS': '/usr/local/share:/usr/share:/var/lib/snapd/desktop', 'PYTHONPATH': '/home/hutalia/ROS2_Hutalia/ros2_ws/install/marvelmind_ros2_msgs/lib/python3.12/site-packages:/opt/ros/jazzy/lib/python3.12/site-packages', 'COLCON': '1', 'CMAKE_PREFIX_PATH': '/home/hutalia/ROS2_Hutalia/ros2_ws/install/marvelmind_ros2_msgs:/opt/ros/jazzy'}), 'shell': False}
[114.591534] (-) TimerEvent: {}
[114.692678] (-) TimerEvent: {}
[114.793650] (-) TimerEvent: {}
[114.854430] (marvelmind_ros2) StdoutLine: {'line': b'[ 12%] \x1b[32mBuilding C object CMakeFiles/marvelmind_hedge_lib.dir/src/marvelmind_hedge.c.o\x1b[0m\n'}
[114.893928] (-) TimerEvent: {}
[114.912186] (marvelmind_ros2) StdoutLine: {'line': b'[ 25%] \x1b[32mBuilding C object CMakeFiles/marvelmind_api_lib.dir/src/marvelmind_api.c.o\x1b[0m\n'}
[114.995654] (-) TimerEvent: {}
[115.042722] (marvelmind_ros2) StderrLine: {'line': b'\x1b[01m\x1b[K/home/hutalia/ROS2_Hutalia/ros2_ws/src/marvelmind_ros2_upstream/src/marvelmind_api.c:23:1:\x1b[m\x1b[K \x1b[01;35m\x1b[Kwarning: \x1b[m\x1b[K\xe2\x80\x98\x1b[01m\x1b[Kstdcall\x1b[m\x1b[K\xe2\x80\x99 attribute directive ignored [\x1b[01;35m\x1b[K\x1b]8;;https://gcc.gnu.org/onlinedocs/gcc/Warning-Options.html#index-Wattributes\x07-Wattributes\x1b]8;;\x07\x1b[m\x1b[K]\n'}
[115.043599] (marvelmind_ros2) StderrLine: {'line': b'   23 | \x1b[01;35m\x1b[Ktypedef\x1b[m\x1b[K bool MM_STDCALL1 (MM_STDCALL2 *pt_mm_api_version)(void *pdata);\n'}
[115.044473] (marvelmind_ros2) StderrLine: {'line': b'      | \x1b[01;35m\x1b[K^~~~~~~\x1b[m\x1b[K\n'}
[115.045154] (marvelmind_ros2) StderrLine: {'line': b'\x1b[01m\x1b[K/home/hutalia/ROS2_Hutalia/ros2_ws/src/marvelmind_ros2_upstream/src/marvelmind_api.c:37:1:\x1b[m\x1b[K \x1b[01;35m\x1b[Kwarning: \x1b[m\x1b[K\xe2\x80\x98\x1b[01m\x1b[Kstdcall\x1b[m\x1b[K\xe2\x80\x99 attribute directive ignored [\x1b[01;35m\x1b[K\x1b]8;;https://gcc.gnu.org/onlinedocs/gcc/Warning-Options.html#index-Wattributes\x07-Wattributes\x1b]8;;\x07\x1b[m\x1b[K]\n'}
[115.046686] (marvelmind_ros2) StderrLine: {'line': b'   37 | \x1b[01;35m\x1b[Ktypedef\x1b[m\x1b[K bool MM_STDCALL1 (MM_STDCALL2 *pt_mm_get_last_error)(void *pdata);\n'}
[115.047710] (marvelmind_ros2) StderrLine: {'line': b'      | \x1b[01;35m\x1b[K^~~~~~~\x1b[m\x1b[K\n'}
[115.048643] (marvelmind_ros2) StderrLine: {'line': b'\x1b[01m\x1b[K/home/hutalia/ROS2_Hutalia/ros2_ws/src/marvelmind_ros2_upstream/src/marvelmind_api.c:51:1:\x1b[m\x1b[K \x1b[01;35m\x1b[Kwarning: \x1b[m\x1b[K\xe2\x80\x98\x1b[01m\x1b[Kstdcall\x1b[m\x1b[K\xe2\x80\x99 attribute directive ignored [\x1b[01;35m\x1b[K\x1b]8;;https://gcc.gnu.org/onlinedocs/gcc/Warning-Options.html#index-Wattributes\x07-Wattributes\x1b]8;;\x07\x1b[m\x1b[K]\n'}
[115.049377] (marvelmind_ros2) StderrLine: {'line': b'   51 | \x1b[01;35m\x1b[Ktypedef\x1b[m\x1b[K bool MM_STDCALL1 (MM_STDCALL2 *pt_mm_open_port)(void);\n'}
[115.049923] (marvelmind_ros2) StderrLine: {'line': b'      | \x1b[01;35m\x1b[K^~~~~~~\x1b[m\x1b[K\n'}
[115.051503] (marvelmind_ros2) StderrLine: {'line': b'\x1b[01m\x1b[K/home/hutalia/ROS2_Hutalia/ros2_ws/src/marvelmind_ros2_upstream/src/marvelmind_api.c:62:1:\x1b[m\x1b[K \x1b[01;35m\x1b[Kwarning: \x1b[m\x1b[K\xe2\x80\x98\x1b[01m\x1b[Kstdcall\x1b[m\x1b[K\xe2\x80\x99 attribute directive ignored [\x1b[01;35m\x1b[K\x1b]8;;https://gcc.gnu.org/onlinedocs/gcc/Warning-Options.html#index-Wattributes\x07-Wattributes\x1b]8;;\x07\x1b[m\x1b[K]\n'}
[115.052401] (marvelmind_ros2) StderrLine: {'line': b'   62 | \x1b[01;35m\x1b[Ktypedef\x1b[m\x1b[K bool MM_STDCALL1 (MM_STDCALL2 *pt_mm_open_port_by_name)(void *pdata);\n'}
[115.053027] (marvelmind_ros2) StderrLine: {'line': b'      | \x1b[01;35m\x1b[K^~~~~~~\x1b[m\x1b[K\n'}
[115.053957] (marvelmind_ros2) StderrLine: {'line': b'\x1b[01m\x1b[K/home/hutalia/ROS2_Hutalia/ros2_ws/src/marvelmind_ros2_upstream/src/marvelmind_api.c:81:1:\x1b[m\x1b[K \x1b[01;35m\x1b[Kwarning: \x1b[m\x1b[K\xe2\x80\x98\x1b[01m\x1b[Kstdcall\x1b[m\x1b[K\xe2\x80\x99 attribute directive ignored [\x1b[01;35m\x1b[K\x1b]8;;https://gcc.gnu.org/onlinedocs/gcc/Warning-Options.html#index-Wattributes\x07-Wattributes\x1b]8;;\x07\x1b[m\x1b[K]\n'}
[115.054853] (marvelmind_ros2) StderrLine: {'line': b'   81 | \x1b[01;35m\x1b[Ktypedef\x1b[m\x1b[K bool MM_STDCALL1 (MM_STDCALL2 *pt_mm_open_port_udp)(void *pdata);\n'}
[115.055901] (marvelmind_ros2) StderrLine: {'line': b'      | \x1b[01;35m\x1b[K^~~~~~~\x1b[m\x1b[K\n'}
[115.056607] (marvelmind_ros2) StderrLine: {'line': b'\x1b[01m\x1b[K/home/hutalia/ROS2_Hutalia/ros2_ws/src/marvelmind_ros2_upstream/src/marvelmind_api.c:114:1:\x1b[m\x1b[K \x1b[01;35m\x1b[Kwarning: \x1b[m\x1b[K\xe2\x80\x98\x1b[01m\x1b[Kstdcall\x1b[m\x1b[K\xe2\x80\x99 attribute directive ignored [\x1b[01;35m\x1b[K\x1b]8;;https://gcc.gnu.org/onlinedocs/gcc/Warning-Options.html#index-Wattributes\x07-Wattributes\x1b]8;;\x07\x1b[m\x1b[K]\n'}
[115.057633] (marvelmind_ros2) StderrLine: {'line': b'  114 | \x1b[01;35m\x1b[Ktypedef\x1b[m\x1b[K void MM_STDCALL1 (MM_STDCALL2 *pt_mm_close_port)(void);\n'}
[115.058343] (marvelmind_ros2) StderrLine: {'line': b'      | \x1b[01;35m\x1b[K^~~~~~~\x1b[m\x1b[K\n'}
[115.058975] (marvelmind_ros2) StderrLine: {'line': b'\x1b[01m\x1b[K/home/hutalia/ROS2_Hutalia/ros2_ws/src/marvelmind_ros2_upstream/src/marvelmind_api.c:125:1:\x1b[m\x1b[K \x1b[01;35m\x1b[Kwarning: \x1b[m\x1b[K\xe2\x80\x98\x1b[01m\x1b[Kstdcall\x1b[m\x1b[K\xe2\x80\x99 attribute directive ignored [\x1b[01;35m\x1b[K\x1b]8;;https://gcc.gnu.org/onlinedocs/gcc/Warning-Options.html#index-Wattributes\x07-Wattributes\x1b]8;;\x07\x1b[m\x1b[K]\n'}
[115.060674] (marvelmind_ros2) StderrLine: {'line': b'  125 | \x1b[01;35m\x1b[Ktypedef\x1b[m\x1b[K bool MM_STDCALL1 (MM_STDCALL2 *pt_mm_get_version_and_id)(uint8_t address, void *pdata);\n'}
[115.061504] (marvelmind_ros2) StderrLine: {'line': b'      | \x1b[01;35m\x1b[K^~~~~~~\x1b[m\x1b[K\n'}
[115.062776] (marvelmind_ros2) StderrLine: {'line': b'\x1b[01m\x1b[K/home/hutalia/ROS2_Hutalia/ros2_ws/src/marvelmind_ros2_upstream/src/marvelmind_api.c:147:1:\x1b[m\x1b[K \x1b[01;35m\x1b[Kwarning: \x1b[m\x1b[K\xe2\x80\x98\x1b[01m\x1b[Kstdcall\x1b[m\x1b[K\xe2\x80\x99 attribute directive ignored [\x1b[01;35m\x1b[K\x1b]8;;https://gcc.gnu.org/onlinedocs/gcc/Warning-Options.html#index-Wattributes\x07-Wattributes\x1b]8;;\x07\x1b[m\x1b[K]\n'}
[115.063653] (marvelmind_ros2) StderrLine: {'line': b'  147 | \x1b[01;35m\x1b[Ktypedef\x1b[m\x1b[K bool MM_STDCALL1 (MM_STDCALL2 *pt_mm_get_devices_list)(void *pdata);\n'}
[115.064711] (marvelmind_ros2) StderrLine: {'line': b'      | \x1b[01;35m\x1b[K^~~~~~~\x1b[m\x1b[K\n'}
[115.065567] (marvelmind_ros2) StderrLine: {'line': b'\x1b[01m\x1b[K/home/hutalia/ROS2_Hutalia/ros2_ws/src/marvelmind_ros2_upstream/src/marvelmind_api.c:189:1:\x1b[m\x1b[K \x1b[01;35m\x1b[Kwarning: \x1b[m\x1b[K\xe2\x80\x98\x1b[01m\x1b[Kstdcall\x1b[m\x1b[K\xe2\x80\x99 attribute directive ignored [\x1b[01;35m\x1b[K\x1b]8;;https://gcc.gnu.org/onlinedocs/gcc/Warning-Options.html#index-Wattributes\x07-Wattributes\x1b]8;;\x07\x1b[m\x1b[K]\n'}
[115.066261] (marvelmind_ros2) StderrLine: {'line': b'  189 | \x1b[01;35m\x1b[Ktypedef\x1b[m\x1b[K bool MM_STDCALL1 (MM_STDCALL2 *pt_mm_wake_device)(uint8_t address);\n'}
[115.066839] (marvelmind_ros2) StderrLine: {'line': b'      | \x1b[01;35m\x1b[K^~~~~~~\x1b[m\x1b[K\n'}
[115.067773] (marvelmind_ros2) StderrLine: {'line': b'\x1b[01m\x1b[K/home/hutalia/ROS2_Hutalia/ros2_ws/src/marvelmind_ros2_upstream/src/marvelmind_api.c:202:1:\x1b[m\x1b[K \x1b[01;35m\x1b[Kwarning: \x1b[m\x1b[K\xe2\x80\x98\x1b[01m\x1b[Kstdcall\x1b[m\x1b[K\xe2\x80\x99 attribute directive ignored [\x1b[01;35m\x1b[K\x1b]8;;https://gcc.gnu.org/onlinedocs/gcc/Warning-Options.html#index-Wattributes\x07-Wattributes\x1b]8;;\x07\x1b[m\x1b[K]\n'}
[115.068923] (marvelmind_ros2) StderrLine: {'line': b'  202 | \x1b[01;35m\x1b[Ktypedef\x1b[m\x1b[K bool MM_STDCALL1 (MM_STDCALL2 *pt_mm_sleep_device)(uint8_t address);\n'}
[115.069879] (marvelmind_ros2) StderrLine: {'line': b'      | \x1b[01;35m\x1b[K^~~~~~~\x1b[m\x1b[K\n'}
[115.070843] (marvelmind_ros2) StderrLine: {'line': b'\x1b[01m\x1b[K/home/hutalia/ROS2_Hutalia/ros2_ws/src/marvelmind_ros2_upstream/src/marvelmind_api.c:215:1:\x1b[m\x1b[K \x1b[01;35m\x1b[Kwarning: \x1b[m\x1b[K\xe2\x80\x98\x1b[01m\x1b[Kstdcall\x1b[m\x1b[K\xe2\x80\x99 attribute directive ignored [\x1b[01;35m\x1b[K\x1b]8;;https://gcc.gnu.org/onlinedocs/gcc/Warning-Options.html#index-Wattributes\x07-Wattributes\x1b]8;;\x07\x1b[m\x1b[K]\n'}
[115.071604] (marvelmind_ros2) StderrLine: {'line': b'  215 | \x1b[01;35m\x1b[Ktypedef\x1b[m\x1b[K bool MM_STDCALL1 (MM_STDCALL2 *pt_mm_get_beacon_tele) (uint8_t address, void *pdata);\n'}
[115.072793] (marvelmind_ros2) StderrLine: {'line': b'      | \x1b[01;35m\x1b[K^~~~~~~\x1b[m\x1b[K\n'}
[115.073638] (marvelmind_ros2) StderrLine: {'line': b'\x1b[01m\x1b[K/home/hutalia/ROS2_Hutalia/ros2_ws/src/marvelmind_ros2_upstream/src/marvelmind_api.c:239:1:\x1b[m\x1b[K \x1b[01;35m\x1b[Kwarning: \x1b[m\x1b[K\xe2\x80\x98\x1b[01m\x1b[Kstdcall\x1b[m\x1b[K\xe2\x80\x99 attribute directive ignored [\x1b[01;35m\x1b[K\x1b]8;;https://gcc.gnu.org/onlinedocs/gcc/Warning-Options.html#index-Wattributes\x07-Wattributes\x1b]8;;\x07\x1b[m\x1b[K]\n'}
[115.074456] (marvelmind_ros2) StderrLine: {'line': b'  239 | \x1b[01;35m\x1b[Ktypedef\x1b[m\x1b[K bool MM_STDCALL1 (MM_STDCALL2 *pt_mm_get_last_locations) (void *pdata);\n'}
[115.077293] (marvelmind_ros2) StderrLine: {'line': b'      | \x1b[01;35m\x1b[K^~~~~~~\x1b[m\x1b[K\n'}
[115.078836] (marvelmind_ros2) StderrLine: {'line': b'\x1b[01m\x1b[K/home/hutalia/ROS2_Hutalia/ros2_ws/src/marvelmind_ros2_upstream/src/marvelmind_api.c:289:1:\x1b[m\x1b[K \x1b[01;35m\x1b[Kwarning: \x1b[m\x1b[K\xe2\x80\x98\x1b[01m\x1b[Kstdcall\x1b[m\x1b[K\xe2\x80\x99 attribute directive ignored [\x1b[01;35m\x1b[K\x1b]8;;https://gcc.gnu.org/onlinedocs/gcc/Warning-Options.html#index-Wattributes\x07-Wattributes\x1b]8;;\x07\x1b[m\x1b[K]\n'}
[115.079800] (marvelmind_ros2) StderrLine: {'line': b'  289 | \x1b[01;35m\x1b[Ktypedef\x1b[m\x1b[K bool MM_STDCALL1 (MM_STDCALL2 *pt_mm_get_last_locations2) (void *pdata);\n'}
[115.080683] (marvelmind_ros2) StderrLine: {'line': b'      | \x1b[01;35m\x1b[K^~~~~~~\x1b[m\x1b[K\n'}
[115.081686] (marvelmind_ros2) StderrLine: {'line': b'\x1b[01m\x1b[K/home/hutalia/ROS2_Hutalia/ros2_ws/src/marvelmind_ros2_upstream/src/marvelmind_api.c:393:1:\x1b[m\x1b[K \x1b[01;35m\x1b[Kwarning: \x1b[m\x1b[K\xe2\x80\x98\x1b[01m\x1b[Kstdcall\x1b[m\x1b[K\xe2\x80\x99 attribute directive ignored [\x1b[01;35m\x1b[K\x1b]8;;https://gcc.gnu.org/onlinedocs/gcc/Warning-Options.html#index-Wattributes\x07-Wattributes\x1b]8;;\x07\x1b[m\x1b[K]\n'}
[115.083284] (marvelmind_ros2) StderrLine: {'line': b'  393 | \x1b[01;35m\x1b[Ktypedef\x1b[m\x1b[K bool MM_STDCALL1 (MM_STDCALL2 *pt_mm_get_last_distances) (void *pdata);\n'}
[115.084728] (marvelmind_ros2) StderrLine: {'line': b'      | \x1b[01;35m\x1b[K^~~~~~~\x1b[m\x1b[K\n'}
[115.085568] (marvelmind_ros2) StderrLine: {'line': b'\x1b[01m\x1b[K/home/hutalia/ROS2_Hutalia/ros2_ws/src/marvelmind_ros2_upstream/src/marvelmind_api.c:430:1:\x1b[m\x1b[K \x1b[01;35m\x1b[Kwarning: \x1b[m\x1b[K\xe2\x80\x98\x1b[01m\x1b[Kstdcall\x1b[m\x1b[K\xe2\x80\x99 attribute directive ignored [\x1b[01;35m\x1b[K\x1b]8;;https://gcc.gnu.org/onlinedocs/gcc/Warning-Options.html#index-Wattributes\x07-Wattributes\x1b]8;;\x07\x1b[m\x1b[K]\n'}
[115.089352] (marvelmind_ros2) StderrLine: {'line': b'  430 | \x1b[01;35m\x1b[Ktypedef\x1b[m\x1b[K bool MM_STDCALL1 (MM_STDCALL2 *pt_mm_get_update_rate_setting) (void *pdata);\n'}
[115.090582] (marvelmind_ros2) StderrLine: {'line': b'      | \x1b[01;35m\x1b[K^~~~~~~\x1b[m\x1b[K\n'}
[115.091383] (marvelmind_ros2) StderrLine: {'line': b'\x1b[01m\x1b[K/home/hutalia/ROS2_Hutalia/ros2_ws/src/marvelmind_ros2_upstream/src/marvelmind_api.c:448:1:\x1b[m\x1b[K \x1b[01;35m\x1b[Kwarning: \x1b[m\x1b[K\xe2\x80\x98\x1b[01m\x1b[Kstdcall\x1b[m\x1b[K\xe2\x80\x99 attribute directive ignored [\x1b[01;35m\x1b[K\x1b]8;;https://gcc.gnu.org/onlinedocs/gcc/Warning-Options.html#index-Wattributes\x07-Wattributes\x1b]8;;\x07\x1b[m\x1b[K]\n'}
[115.092263] (marvelmind_ros2) StderrLine: {'line': b'  448 | \x1b[01;35m\x1b[Ktypedef\x1b[m\x1b[K bool MM_STDCALL1 (MM_STDCALL2 *pt_mm_set_update_rate_setting) (void *pdata);\n'}
[115.093666] (marvelmind_ros2) StderrLine: {'line': b'      | \x1b[01;35m\x1b[K^~~~~~~\x1b[m\x1b[K\n'}
[115.094478] (marvelmind_ros2) StderrLine: {'line': b'\x1b[01m\x1b[K/home/hutalia/ROS2_Hutalia/ros2_ws/src/marvelmind_ros2_upstream/src/marvelmind_api.c:466:1:\x1b[m\x1b[K \x1b[01;35m\x1b[Kwarning: \x1b[m\x1b[K\xe2\x80\x98\x1b[01m\x1b[Kstdcall\x1b[m\x1b[K\xe2\x80\x99 attribute directive ignored [\x1b[01;35m\x1b[K\x1b]8;;https://gcc.gnu.org/onlinedocs/gcc/Warning-Options.html#index-Wattributes\x07-Wattributes\x1b]8;;\x07\x1b[m\x1b[K]\n'}
[115.095263] (marvelmind_ros2) StderrLine: {'line': b'  466 | \x1b[01;35m\x1b[Ktypedef\x1b[m\x1b[K bool MM_STDCALL1 (MM_STDCALL2 *pt_mm_add_submap) (uint8_t submapId);\n'}
[115.096319] (-) TimerEvent: {}
[115.096893] (marvelmind_ros2) StderrLine: {'line': b'      | \x1b[01;35m\x1b[K^~~~~~~\x1b[m\x1b[K\n'}
[115.097647] (marvelmind_ros2) StderrLine: {'line': b'\x1b[01m\x1b[K/home/hutalia/ROS2_Hutalia/ros2_ws/src/marvelmind_ros2_upstream/src/marvelmind_api.c:477:1:\x1b[m\x1b[K \x1b[01;35m\x1b[Kwarning: \x1b[m\x1b[K\xe2\x80\x98\x1b[01m\x1b[Kstdcall\x1b[m\x1b[K\xe2\x80\x99 attribute directive ignored [\x1b[01;35m\x1b[K\x1b]8;;https://gcc.gnu.org/onlinedocs/gcc/Warning-Options.html#index-Wattributes\x07-Wattributes\x1b]8;;\x07\x1b[m\x1b[K]\n'}
[115.099685] (marvelmind_ros2) StderrLine: {'line': b'  477 | \x1b[01;35m\x1b[Ktypedef\x1b[m\x1b[K bool MM_STDCALL1 (MM_STDCALL2 *pt_mm_delete_submap) (uint8_t submapId);\n'}
[115.100971] (marvelmind_ros2) StderrLine: {'line': b'      | \x1b[01;35m\x1b[K^~~~~~~\x1b[m\x1b[K\n'}
[115.101708] (marvelmind_ros2) StderrLine: {'line': b'\x1b[01m\x1b[K/home/hutalia/ROS2_Hutalia/ros2_ws/src/marvelmind_ros2_upstream/src/marvelmind_api.c:490:1:\x1b[m\x1b[K \x1b[01;35m\x1b[Kwarning: \x1b[m\x1b[K\xe2\x80\x98\x1b[01m\x1b[Kstdcall\x1b[m\x1b[K\xe2\x80\x99 attribute directive ignored [\x1b[01;35m\x1b[K\x1b]8;;https://gcc.gnu.org/onlinedocs/gcc/Warning-Options.html#index-Wattributes\x07-Wattributes\x1b]8;;\x07\x1b[m\x1b[K]\n'}
[115.102574] (marvelmind_ros2) StderrLine: {'line': b'  490 | \x1b[01;35m\x1b[Ktypedef\x1b[m\x1b[K bool MM_STDCALL1 (MM_STDCALL2 *pt_mm_freeze_submap) (uint8_t submapId);\n'}
[115.103319] (marvelmind_ros2) StderrLine: {'line': b'      | \x1b[01;35m\x1b[K^~~~~~~\x1b[m\x1b[K\n'}
[115.104370] (marvelmind_ros2) StderrLine: {'line': b'\x1b[01m\x1b[K/home/hutalia/ROS2_Hutalia/ros2_ws/src/marvelmind_ros2_upstream/src/marvelmind_api.c:501:1:\x1b[m\x1b[K \x1b[01;35m\x1b[Kwarning: \x1b[m\x1b[K\xe2\x80\x98\x1b[01m\x1b[Kstdcall\x1b[m\x1b[K\xe2\x80\x99 attribute directive ignored [\x1b[01;35m\x1b[K\x1b]8;;https://gcc.gnu.org/onlinedocs/gcc/Warning-Options.html#index-Wattributes\x07-Wattributes\x1b]8;;\x07\x1b[m\x1b[K]\n'}
[115.106093] (marvelmind_ros2) StderrLine: {'line': b'  501 | \x1b[01;35m\x1b[Ktypedef\x1b[m\x1b[K bool MM_STDCALL1 (MM_STDCALL2 *pt_mm_unfreeze_submap) (uint8_t submapId);\n'}
[115.106943] (marvelmind_ros2) StderrLine: {'line': b'      | \x1b[01;35m\x1b[K^~~~~~~\x1b[m\x1b[K\n'}
[115.108183] (marvelmind_ros2) StderrLine: {'line': b'\x1b[01m\x1b[K/home/hutalia/ROS2_Hutalia/ros2_ws/src/marvelmind_ros2_upstream/src/marvelmind_api.c:514:1:\x1b[m\x1b[K \x1b[01;35m\x1b[Kwarning: \x1b[m\x1b[K\xe2\x80\x98\x1b[01m\x1b[Kstdcall\x1b[m\x1b[K\xe2\x80\x99 attribute directive ignored [\x1b[01;35m\x1b[K\x1b]8;;https://gcc.gnu.org/onlinedocs/gcc/Warning-Options.html#index-Wattributes\x07-Wattributes\x1b]8;;\x07\x1b[m\x1b[K]\n'}
[115.110341] (marvelmind_ros2) StderrLine: {'line': b'  514 | \x1b[01;35m\x1b[Ktypedef\x1b[m\x1b[K bool MM_STDCALL1 (MM_STDCALL2 *pt_mm_get_submap_settings) (uint8_t submapId, void *pdata);\n'}
[115.111324] (marvelmind_ros2) StderrLine: {'line': b'      | \x1b[01;35m\x1b[K^~~~~~~\x1b[m\x1b[K\n'}
[115.113591] (marvelmind_ros2) StderrLine: {'line': b'\x1b[01m\x1b[K/home/hutalia/ROS2_Hutalia/ros2_ws/src/marvelmind_ros2_upstream/src/marvelmind_api.c:579:1:\x1b[m\x1b[K \x1b[01;35m\x1b[Kwarning: \x1b[m\x1b[K\xe2\x80\x98\x1b[01m\x1b[Kstdcall\x1b[m\x1b[K\xe2\x80\x99 attribute directive ignored [\x1b[01;35m\x1b[K\x1b]8;;https://gcc.gnu.org/onlinedocs/gcc/Warning-Options.html#index-Wattributes\x07-Wattributes\x1b]8;;\x07\x1b[m\x1b[K]\n'}
[115.115043] (marvelmind_ros2) StderrLine: {'line': b'  579 | \x1b[01;35m\x1b[Ktypedef\x1b[m\x1b[K bool MM_STDCALL1 (MM_STDCALL2 *pt_mm_set_submap_settings) (uint8_t submapId, void *pdata);\n'}
[115.116039] (marvelmind_ros2) StderrLine: {'line': b'      | \x1b[01;35m\x1b[K^~~~~~~\x1b[m\x1b[K\n'}
[115.118356] (marvelmind_ros2) StderrLine: {'line': b'\x1b[01m\x1b[K/home/hutalia/ROS2_Hutalia/ros2_ws/src/marvelmind_ros2_upstream/src/marvelmind_api.c:646:1:\x1b[m\x1b[K \x1b[01;35m\x1b[Kwarning: \x1b[m\x1b[K\xe2\x80\x98\x1b[01m\x1b[Kstdcall\x1b[m\x1b[K\xe2\x80\x99 attribute directive ignored [\x1b[01;35m\x1b[K\x1b]8;;https://gcc.gnu.org/onlinedocs/gcc/Warning-Options.html#index-Wattributes\x07-Wattributes\x1b]8;;\x07\x1b[m\x1b[K]\n'}
[115.119947] (marvelmind_ros2) StderrLine: {'line': b'  646 | \x1b[01;35m\x1b[Ktypedef\x1b[m\x1b[K bool MM_STDCALL1 (MM_STDCALL2 *pt_mm_get_ultrasound_settings) (uint8_t address, void *pdata);\n'}
[115.122918] (marvelmind_ros2) StderrLine: {'line': b'      | \x1b[01;35m\x1b[K^~~~~~~\x1b[m\x1b[K\n'}
[115.123702] (marvelmind_ros2) StderrLine: {'line': b'\x1b[01m\x1b[K/home/hutalia/ROS2_Hutalia/ros2_ws/src/marvelmind_ros2_upstream/src/marvelmind_api.c:676:1:\x1b[m\x1b[K \x1b[01;35m\x1b[Kwarning: \x1b[m\x1b[K\xe2\x80\x98\x1b[01m\x1b[Kstdcall\x1b[m\x1b[K\xe2\x80\x99 attribute directive ignored [\x1b[01;35m\x1b[K\x1b]8;;https://gcc.gnu.org/onlinedocs/gcc/Warning-Options.html#index-Wattributes\x07-Wattributes\x1b]8;;\x07\x1b[m\x1b[K]\n'}
[115.124353] (marvelmind_ros2) StderrLine: {'line': b'  676 | \x1b[01;35m\x1b[Ktypedef\x1b[m\x1b[K bool MM_STDCALL1 (MM_STDCALL2 *pt_mm_set_ultrasound_settings) (uint8_t address, void *pdata);\n'}
[115.124813] (marvelmind_ros2) StderrLine: {'line': b'      | \x1b[01;35m\x1b[K^~~~~~~\x1b[m\x1b[K\n'}
[115.128613] (marvelmind_ros2) StderrLine: {'line': b'\x1b[01m\x1b[K/home/hutalia/ROS2_Hutalia/ros2_ws/src/marvelmind_ros2_upstream/src/marvelmind_api.c:707:1:\x1b[m\x1b[K \x1b[01;35m\x1b[Kwarning: \x1b[m\x1b[K\xe2\x80\x98\x1b[01m\x1b[Kstdcall\x1b[m\x1b[K\xe2\x80\x99 attribute directive ignored [\x1b[01;35m\x1b[K\x1b]8;;https://gcc.gnu.org/onlinedocs/gcc/Warning-Options.html#index-Wattributes\x07-Wattributes\x1b]8;;\x07\x1b[m\x1b[K]\n'}
[115.132091] (marvelmind_ros2) StderrLine: {'line': b'  707 | \x1b[01;35m\x1b[Ktypedef\x1b[m\x1b[K bool MM_STDCALL1 (MM_STDCALL2 *pt_mm_erase_map) ();\n'}
[115.134907] (marvelmind_ros2) StderrLine: {'line': b'      | \x1b[01;35m\x1b[K^~~~~~~\x1b[m\x1b[K\n'}
[115.137907] (marvelmind_ros2) StderrLine: {'line': b'\x1b[01m\x1b[K/home/hutalia/ROS2_Hutalia/ros2_ws/src/marvelmind_ros2_upstream/src/marvelmind_api.c:716:1:\x1b[m\x1b[K \x1b[01;35m\x1b[Kwarning: \x1b[m\x1b[K\xe2\x80\x98\x1b[01m\x1b[Kstdcall\x1b[m\x1b[K\xe2\x80\x99 attribute directive ignored [\x1b[01;35m\x1b[K\x1b]8;;https://gcc.gnu.org/onlinedocs/gcc/Warning-Options.html#index-Wattributes\x07-Wattributes\x1b]8;;\x07\x1b[m\x1b[K]\n'}
[115.142205] (marvelmind_ros2) StderrLine: {'line': b'  716 | \x1b[01;35m\x1b[Ktypedef\x1b[m\x1b[K bool MM_STDCALL1 (MM_STDCALL2 *pt_mm_set_default_settings) (uint8_t address);\n'}
[115.145163] (marvelmind_ros2) StderrLine: {'line': b'      | \x1b[01;35m\x1b[K^~~~~~~\x1b[m\x1b[K\n'}
[115.147155] (marvelmind_ros2) StderrLine: {'line': b'\x1b[01m\x1b[K/home/hutalia/ROS2_Hutalia/ros2_ws/src/marvelmind_ros2_upstream/src/marvelmind_api.c:727:1:\x1b[m\x1b[K \x1b[01;35m\x1b[Kwarning: \x1b[m\x1b[K\xe2\x80\x98\x1b[01m\x1b[Kstdcall\x1b[m\x1b[K\xe2\x80\x99 attribute directive ignored [\x1b[01;35m\x1b[K\x1b]8;;https://gcc.gnu.org/onlinedocs/gcc/Warning-Options.html#index-Wattributes\x07-Wattributes\x1b]8;;\x07\x1b[m\x1b[K]\n'}
[115.147888] (marvelmind_ros2) StderrLine: {'line': b'  727 | \x1b[01;35m\x1b[Ktypedef\x1b[m\x1b[K bool MM_STDCALL1 (MM_STDCALL2 *pt_mm_freeze_map) ();\n'}
[115.148598] (marvelmind_ros2) StderrLine: {'line': b'      | \x1b[01;35m\x1b[K^~~~~~~\x1b[m\x1b[K\n'}
[115.149432] (marvelmind_ros2) StderrLine: {'line': b'\x1b[01m\x1b[K/home/hutalia/ROS2_Hutalia/ros2_ws/src/marvelmind_ros2_upstream/src/marvelmind_api.c:736:1:\x1b[m\x1b[K \x1b[01;35m\x1b[Kwarning: \x1b[m\x1b[K\xe2\x80\x98\x1b[01m\x1b[Kstdcall\x1b[m\x1b[K\xe2\x80\x99 attribute directive ignored [\x1b[01;35m\x1b[K\x1b]8;;https://gcc.gnu.org/onlinedocs/gcc/Warning-Options.html#index-Wattributes\x07-Wattributes\x1b]8;;\x07\x1b[m\x1b[K]\n'}
[115.150217] (marvelmind_ros2) StderrLine: {'line': b'  736 | \x1b[01;35m\x1b[Ktypedef\x1b[m\x1b[K bool MM_STDCALL1 (MM_STDCALL2 *pt_mm_unfreeze_map) ();\n'}
[115.150995] (marvelmind_ros2) StderrLine: {'line': b'      | \x1b[01;35m\x1b[K^~~~~~~\x1b[m\x1b[K\n'}
[115.151681] (marvelmind_ros2) StderrLine: {'line': b'\x1b[01m\x1b[K/home/hutalia/ROS2_Hutalia/ros2_ws/src/marvelmind_ros2_upstream/src/marvelmind_api.c:747:1:\x1b[m\x1b[K \x1b[01;35m\x1b[Kwarning: \x1b[m\x1b[K\xe2\x80\x98\x1b[01m\x1b[Kstdcall\x1b[m\x1b[K\xe2\x80\x99 attribute directive ignored [\x1b[01;35m\x1b[K\x1b]8;;https://gcc.gnu.org/onlinedocs/gcc/Warning-Options.html#index-Wattributes\x07-Wattributes\x1b]8;;\x07\x1b[m\x1b[K]\n'}
[115.152821] (marvelmind_ros2) StderrLine: {'line': b'  747 | \x1b[01;35m\x1b[Ktypedef\x1b[m\x1b[K bool MM_STDCALL1 (MM_STDCALL2 *pt_mm_beacons_to_axes) (void *pdata);\n'}
[115.153668] (marvelmind_ros2) StderrLine: {'line': b'      | \x1b[01;35m\x1b[K^~~~~~~\x1b[m\x1b[K\n'}
[115.154376] (marvelmind_ros2) StderrLine: {'line': b'\x1b[01m\x1b[K/home/hutalia/ROS2_Hutalia/ros2_ws/src/marvelmind_ros2_upstream/src/marvelmind_api.c:764:1:\x1b[m\x1b[K \x1b[01;35m\x1b[Kwarning: \x1b[m\x1b[K\xe2\x80\x98\x1b[01m\x1b[Kstdcall\x1b[m\x1b[K\xe2\x80\x99 attribute directive ignored [\x1b[01;35m\x1b[K\x1b]8;;https://gcc.gnu.org/onlinedocs/gcc/Warning-Options.html#index-Wattributes\x07-Wattributes\x1b]8;;\x07\x1b[m\x1b[K]\n'}
[115.155299] (marvelmind_ros2) StderrLine: {'line': b'  764 | \x1b[01;35m\x1b[Ktypedef\x1b[m\x1b[K bool MM_STDCALL1 (MM_STDCALL2 *pt_read_flash_dump) (uint32_t offset, uint32_t size, void *pdata);\n'}
[115.156339] (marvelmind_ros2) StderrLine: {'line': b'      | \x1b[01;35m\x1b[K^~~~~~~\x1b[m\x1b[K\n'}
[115.157006] (marvelmind_ros2) StderrLine: {'line': b'\x1b[01m\x1b[K/home/hutalia/ROS2_Hutalia/ros2_ws/src/marvelmind_ros2_upstream/src/marvelmind_api.c:773:1:\x1b[m\x1b[K \x1b[01;35m\x1b[Kwarning: \x1b[m\x1b[K\xe2\x80\x98\x1b[01m\x1b[Kstdcall\x1b[m\x1b[K\xe2\x80\x99 attribute directive ignored [\x1b[01;35m\x1b[K\x1b]8;;https://gcc.gnu.org/onlinedocs/gcc/Warning-Options.html#index-Wattributes\x07-Wattributes\x1b]8;;\x07\x1b[m\x1b[K]\n'}
[115.157709] (marvelmind_ros2) StderrLine: {'line': b'  773 | \x1b[01;35m\x1b[Ktypedef\x1b[m\x1b[K bool MM_STDCALL1 (MM_STDCALL2 *pt_write_flash_dump) (uint32_t offset, uint32_t size, void *pdata);\n'}
[115.158746] (marvelmind_ros2) StderrLine: {'line': b'      | \x1b[01;35m\x1b[K^~~~~~~\x1b[m\x1b[K\n'}
[115.159475] (marvelmind_ros2) StderrLine: {'line': b'\x1b[01m\x1b[K/home/hutalia/ROS2_Hutalia/ros2_ws/src/marvelmind_ros2_upstream/src/marvelmind_api.c:784:1:\x1b[m\x1b[K \x1b[01;35m\x1b[Kwarning: \x1b[m\x1b[K\xe2\x80\x98\x1b[01m\x1b[Kstdcall\x1b[m\x1b[K\xe2\x80\x99 attribute directive ignored [\x1b[01;35m\x1b[K\x1b]8;;https://gcc.gnu.org/onlinedocs/gcc/Warning-Options.html#index-Wattributes\x07-Wattributes\x1b]8;;\x07\x1b[m\x1b[K]\n'}
[115.162714] (marvelmind_ros2) StderrLine: {'line': b'  784 | \x1b[01;35m\x1b[Ktypedef\x1b[m\x1b[K bool MM_STDCALL1 (MM_STDCALL2 *pt_mm_reset_device) (uint8_t address);\n'}
[115.163350] (marvelmind_ros2) StderrLine: {'line': b'      | \x1b[01;35m\x1b[K^~~~~~~\x1b[m\x1b[K\n'}
[115.163984] (marvelmind_ros2) StderrLine: {'line': b'\x1b[01m\x1b[K/home/hutalia/ROS2_Hutalia/ros2_ws/src/marvelmind_ros2_upstream/src/marvelmind_api.c:795:1:\x1b[m\x1b[K \x1b[01;35m\x1b[Kwarning: \x1b[m\x1b[K\xe2\x80\x98\x1b[01m\x1b[Kstdcall\x1b[m\x1b[K\xe2\x80\x99 attribute directive ignored [\x1b[01;35m\x1b[K\x1b]8;;https://gcc.gnu.org/onlinedocs/gcc/Warning-Options.html#index-Wattributes\x07-Wattributes\x1b]8;;\x07\x1b[m\x1b[K]\n'}
[115.164752] (marvelmind_ros2) StderrLine: {'line': b'  795 | \x1b[01;35m\x1b[Ktypedef\x1b[m\x1b[K bool MM_STDCALL1 (MM_STDCALL2 *pt_mm_get_air_temperature) (void *pdata);\n'}
[115.167998] (marvelmind_ros2) StderrLine: {'line': b'      | \x1b[01;35m\x1b[K^~~~~~~\x1b[m\x1b[K\n'}
[115.172579] (marvelmind_ros2) StderrLine: {'line': b'\x1b[01m\x1b[K/home/hutalia/ROS2_Hutalia/ros2_ws/src/marvelmind_ros2_upstream/src/marvelmind_api.c:811:1:\x1b[m\x1b[K \x1b[01;35m\x1b[Kwarning: \x1b[m\x1b[K\xe2\x80\x98\x1b[01m\x1b[Kstdcall\x1b[m\x1b[K\xe2\x80\x99 attribute directive ignored [\x1b[01;35m\x1b[K\x1b]8;;https://gcc.gnu.org/onlinedocs/gcc/Warning-Options.html#index-Wattributes\x07-Wattributes\x1b]8;;\x07\x1b[m\x1b[K]\n'}
[115.173820] (marvelmind_ros2) StderrLine: {'line': b'  811 | \x1b[01;35m\x1b[Ktypedef\x1b[m\x1b[K bool MM_STDCALL1 (MM_STDCALL2 *pt_mm_set_air_temperature) (void *pdata);\n'}
[115.174767] (marvelmind_ros2) StderrLine: {'line': b'      | \x1b[01;35m\x1b[K^~~~~~~\x1b[m\x1b[K\n'}
[115.176604] (marvelmind_ros2) StderrLine: {'line': b'\x1b[01m\x1b[K/home/hutalia/ROS2_Hutalia/ros2_ws/src/marvelmind_ros2_upstream/src/marvelmind_api.c:825:1:\x1b[m\x1b[K \x1b[01;35m\x1b[Kwarning: \x1b[m\x1b[K\xe2\x80\x98\x1b[01m\x1b[Kstdcall\x1b[m\x1b[K\xe2\x80\x99 attribute directive ignored [\x1b[01;35m\x1b[K\x1b]8;;https://gcc.gnu.org/onlinedocs/gcc/Warning-Options.html#index-Wattributes\x07-Wattributes\x1b]8;;\x07\x1b[m\x1b[K]\n'}
[115.177427] (marvelmind_ros2) StderrLine: {'line': b'  825 | \x1b[01;35m\x1b[Ktypedef\x1b[m\x1b[K bool MM_STDCALL1 (MM_STDCALL2 *pt_mm_set_beacon_location) (uint8_t address, void *pdata);\n'}
[115.177977] (marvelmind_ros2) StderrLine: {'line': b'      | \x1b[01;35m\x1b[K^~~~~~~\x1b[m\x1b[K\n'}
[115.179648] (marvelmind_ros2) StderrLine: {'line': b'\x1b[01m\x1b[K/home/hutalia/ROS2_Hutalia/ros2_ws/src/marvelmind_ros2_upstream/src/marvelmind_api.c:840:1:\x1b[m\x1b[K \x1b[01;35m\x1b[Kwarning: \x1b[m\x1b[K\xe2\x80\x98\x1b[01m\x1b[Kstdcall\x1b[m\x1b[K\xe2\x80\x99 attribute directive ignored [\x1b[01;35m\x1b[K\x1b]8;;https://gcc.gnu.org/onlinedocs/gcc/Warning-Options.html#index-Wattributes\x07-Wattributes\x1b]8;;\x07\x1b[m\x1b[K]\n'}
[115.182515] (marvelmind_ros2) StderrLine: {'line': b'  840 | \x1b[01;35m\x1b[Ktypedef\x1b[m\x1b[K bool MM_STDCALL1 (MM_STDCALL2 *pt_mm_set_beacons_distance) (void *pdata);\n'}
[115.183557] (marvelmind_ros2) StderrLine: {'line': b'      | \x1b[01;35m\x1b[K^~~~~~~\x1b[m\x1b[K\n'}
[115.184712] (marvelmind_ros2) StderrLine: {'line': b'\x1b[01m\x1b[K/home/hutalia/ROS2_Hutalia/ros2_ws/src/marvelmind_ros2_upstream/src/marvelmind_api.c:857:1:\x1b[m\x1b[K \x1b[01;35m\x1b[Kwarning: \x1b[m\x1b[K\xe2\x80\x98\x1b[01m\x1b[Kstdcall\x1b[m\x1b[K\xe2\x80\x99 attribute directive ignored [\x1b[01;35m\x1b[K\x1b]8;;https://gcc.gnu.org/onlinedocs/gcc/Warning-Options.html#index-Wattributes\x07-Wattributes\x1b]8;;\x07\x1b[m\x1b[K]\n'}
[115.185776] (marvelmind_ros2) StderrLine: {'line': b'  857 | \x1b[01;35m\x1b[Ktypedef\x1b[m\x1b[K bool MM_STDCALL1 (MM_STDCALL2 *pt_mm_get_hedge_height) (uint8_t address, void *pdata);\n'}
[115.187208] (marvelmind_ros2) StderrLine: {'line': b'      | \x1b[01;35m\x1b[K^~~~~~~\x1b[m\x1b[K\n'}
[115.188287] (marvelmind_ros2) StderrLine: {'line': b'\x1b[01m\x1b[K/home/hutalia/ROS2_Hutalia/ros2_ws/src/marvelmind_ros2_upstream/src/marvelmind_api.c:873:1:\x1b[m\x1b[K \x1b[01;35m\x1b[Kwarning: \x1b[m\x1b[K\xe2\x80\x98\x1b[01m\x1b[Kstdcall\x1b[m\x1b[K\xe2\x80\x99 attribute directive ignored [\x1b[01;35m\x1b[K\x1b]8;;https://gcc.gnu.org/onlinedocs/gcc/Warning-Options.html#index-Wattributes\x07-Wattributes\x1b]8;;\x07\x1b[m\x1b[K]\n'}
[115.189503] (marvelmind_ros2) StderrLine: {'line': b'  873 | \x1b[01;35m\x1b[Ktypedef\x1b[m\x1b[K bool MM_STDCALL1 (MM_STDCALL2 *pt_mm_set_hedge_height) (uint8_t address, void *pdata);\n'}
[115.190475] (marvelmind_ros2) StderrLine: {'line': b'      | \x1b[01;35m\x1b[K^~~~~~~\x1b[m\x1b[K\n'}
[115.191370] (marvelmind_ros2) StderrLine: {'line': b'\x1b[01m\x1b[K/home/hutalia/ROS2_Hutalia/ros2_ws/src/marvelmind_ros2_upstream/src/marvelmind_api.c:886:1:\x1b[m\x1b[K \x1b[01;35m\x1b[Kwarning: \x1b[m\x1b[K\xe2\x80\x98\x1b[01m\x1b[Kstdcall\x1b[m\x1b[K\xe2\x80\x99 attribute directive ignored [\x1b[01;35m\x1b[K\x1b]8;;https://gcc.gnu.org/onlinedocs/gcc/Warning-Options.html#index-Wattributes\x07-Wattributes\x1b]8;;\x07\x1b[m\x1b[K]\n'}
[115.192586] (marvelmind_ros2) StderrLine: {'line': b'  886 | \x1b[01;35m\x1b[Ktypedef\x1b[m\x1b[K bool MM_STDCALL1 (MM_STDCALL2 *pt_mm_get_beacon_height) (uint8_t address, void *pdata);\n'}
[115.193533] (marvelmind_ros2) StderrLine: {'line': b'      | \x1b[01;35m\x1b[K^~~~~~~\x1b[m\x1b[K\n'}
[115.196412] (-) TimerEvent: {}
[115.198653] (marvelmind_ros2) StderrLine: {'line': b'\x1b[01m\x1b[K/home/hutalia/ROS2_Hutalia/ros2_ws/src/marvelmind_ros2_upstream/src/marvelmind_api.c:903:1:\x1b[m\x1b[K \x1b[01;35m\x1b[Kwarning: \x1b[m\x1b[K\xe2\x80\x98\x1b[01m\x1b[Kstdcall\x1b[m\x1b[K\xe2\x80\x99 attribute directive ignored [\x1b[01;35m\x1b[K\x1b]8;;https://gcc.gnu.org/onlinedocs/gcc/Warning-Options.html#index-Wattributes\x07-Wattributes\x1b]8;;\x07\x1b[m\x1b[K]\n'}
[115.201690] (marvelmind_ros2) StderrLine: {'line': b'  903 | \x1b[01;35m\x1b[Ktypedef\x1b[m\x1b[K bool MM_STDCALL1 (MM_STDCALL2 *pt_mm_set_beacon_height) (uint8_t address, void *pdata);\n'}
[115.206825] (marvelmind_ros2) StderrLine: {'line': b'      | \x1b[01;35m\x1b[K^~~~~~~\x1b[m\x1b[K\n'}
[115.208701] (marvelmind_ros2) StderrLine: {'line': b'\x1b[01m\x1b[K/home/hutalia/ROS2_Hutalia/ros2_ws/src/marvelmind_ros2_upstream/src/marvelmind_api.c:917:1:\x1b[m\x1b[K \x1b[01;35m\x1b[Kwarning: \x1b[m\x1b[K\xe2\x80\x98\x1b[01m\x1b[Kstdcall\x1b[m\x1b[K\xe2\x80\x99 attribute directive ignored [\x1b[01;35m\x1b[K\x1b]8;;https://gcc.gnu.org/onlinedocs/gcc/Warning-Options.html#index-Wattributes\x07-Wattributes\x1b]8;;\x07\x1b[m\x1b[K]\n'}
[115.210909] (marvelmind_ros2) StderrLine: {'line': b'  917 | \x1b[01;35m\x1b[Ktypedef\x1b[m\x1b[K bool MM_STDCALL1 (MM_STDCALL2 *pt_mm_get_realtime_player_settings) (uint8_t address, void *pdata);\n'}
[115.212866] (marvelmind_ros2) StderrLine: {'line': b'      | \x1b[01;35m\x1b[K^~~~~~~\x1b[m\x1b[K\n'}
[115.213595] (marvelmind_ros2) StderrLine: {'line': b'\x1b[01m\x1b[K/home/hutalia/ROS2_Hutalia/ros2_ws/src/marvelmind_ros2_upstream/src/marvelmind_api.c:937:1:\x1b[m\x1b[K \x1b[01;35m\x1b[Kwarning: \x1b[m\x1b[K\xe2\x80\x98\x1b[01m\x1b[Kstdcall\x1b[m\x1b[K\xe2\x80\x99 attribute directive ignored [\x1b[01;35m\x1b[K\x1b]8;;https://gcc.gnu.org/onlinedocs/gcc/Warning-Options.html#index-Wattributes\x07-Wattributes\x1b]8;;\x07\x1b[m\x1b[K]\n'}
[115.215744] (marvelmind_ros2) StderrLine: {'line': b'  937 | \x1b[01;35m\x1b[Ktypedef\x1b[m\x1b[K bool MM_STDCALL1 (MM_STDCALL2 *pt_mm_set_realtime_player_settings) (uint8_t address, void *pdata);\n'}
[115.217139] (marvelmind_ros2) StderrLine: {'line': b'      | \x1b[01;35m\x1b[K^~~~~~~\x1b[m\x1b[K\n'}
[115.219487] (marvelmind_ros2) StderrLine: {'line': b'\x1b[01m\x1b[K/home/hutalia/ROS2_Hutalia/ros2_ws/src/marvelmind_ros2_upstream/src/marvelmind_api.c:954:1:\x1b[m\x1b[K \x1b[01;35m\x1b[Kwarning: \x1b[m\x1b[K\xe2\x80\x98\x1b[01m\x1b[Kstdcall\x1b[m\x1b[K\xe2\x80\x99 attribute directive ignored [\x1b[01;35m\x1b[K\x1b]8;;https://gcc.gnu.org/onlinedocs/gcc/Warning-Options.html#index-Wattributes\x07-Wattributes\x1b]8;;\x07\x1b[m\x1b[K]\n'}
[115.221293] (marvelmind_ros2) StderrLine: {'line': b'  954 | \x1b[01;35m\x1b[Ktypedef\x1b[m\x1b[K bool MM_STDCALL1 (MM_STDCALL2 *pt_mm_get_georeferencing_settings) (void *pdata);\n'}
[115.222754] (marvelmind_ros2) StderrLine: {'line': b'      | \x1b[01;35m\x1b[K^~~~~~~\x1b[m\x1b[K\n'}
[115.223473] (marvelmind_ros2) StderrLine: {'line': b'\x1b[01m\x1b[K/home/hutalia/ROS2_Hutalia/ros2_ws/src/marvelmind_ros2_upstream/src/marvelmind_api.c:971:1:\x1b[m\x1b[K \x1b[01;35m\x1b[Kwarning: \x1b[m\x1b[K\xe2\x80\x98\x1b[01m\x1b[Kstdcall\x1b[m\x1b[K\xe2\x80\x99 attribute directive ignored [\x1b[01;35m\x1b[K\x1b]8;;https://gcc.gnu.org/onlinedocs/gcc/Warning-Options.html#index-Wattributes\x07-Wattributes\x1b]8;;\x07\x1b[m\x1b[K]\n'}
[115.225608] (marvelmind_ros2) StderrLine: {'line': b'  971 | \x1b[01;35m\x1b[Ktypedef\x1b[m\x1b[K bool MM_STDCALL1 (MM_STDCALL2 *pt_mm_set_georeferencing_settings) (void *pdata);\n'}
[115.227591] (marvelmind_ros2) StderrLine: {'line': b'      | \x1b[01;35m\x1b[K^~~~~~~\x1b[m\x1b[K\n'}
[115.228189] (marvelmind_ros2) StderrLine: {'line': b'\x1b[01m\x1b[K/home/hutalia/ROS2_Hutalia/ros2_ws/src/marvelmind_ros2_upstream/src/marvelmind_api.c:985:1:\x1b[m\x1b[K \x1b[01;35m\x1b[Kwarning: \x1b[m\x1b[K\xe2\x80\x98\x1b[01m\x1b[Kstdcall\x1b[m\x1b[K\xe2\x80\x99 attribute directive ignored [\x1b[01;35m\x1b[K\x1b]8;;https://gcc.gnu.org/onlinedocs/gcc/Warning-Options.html#index-Wattributes\x07-Wattributes\x1b]8;;\x07\x1b[m\x1b[K]\n'}
[115.229832] (marvelmind_ros2) StderrLine: {'line': b'  985 | \x1b[01;35m\x1b[Ktypedef\x1b[m\x1b[K bool MM_STDCALL1 (MM_STDCALL2 *pt_mm_get_update_positions_mode) (void *pdata);\n'}
[115.231142] (marvelmind_ros2) StderrLine: {'line': b'      | \x1b[01;35m\x1b[K^~~~~~~\x1b[m\x1b[K\n'}
[115.231994] (marvelmind_ros2) StderrLine: {'line': b'\x1b[01m\x1b[K/home/hutalia/ROS2_Hutalia/ros2_ws/src/marvelmind_ros2_upstream/src/marvelmind_api.c:1004:1:\x1b[m\x1b[K \x1b[01;35m\x1b[Kwarning: \x1b[m\x1b[K\xe2\x80\x98\x1b[01m\x1b[Kstdcall\x1b[m\x1b[K\xe2\x80\x99 attribute directive ignored [\x1b[01;35m\x1b[K\x1b]8;;https://gcc.gnu.org/onlinedocs/gcc/Warning-Options.html#index-Wattributes\x07-Wattributes\x1b]8;;\x07\x1b[m\x1b[K]\n'}
[115.232892] (marvelmind_ros2) StderrLine: {'line': b' 1004 | \x1b[01;35m\x1b[Ktypedef\x1b[m\x1b[K bool MM_STDCALL1 (MM_STDCALL2 *pt_mm_set_update_positions_mode) (void *pdata);\n'}
[115.234347] (marvelmind_ros2) StderrLine: {'line': b'      | \x1b[01;35m\x1b[K^~~~~~~\x1b[m\x1b[K\n'}
[115.235039] (marvelmind_ros2) StderrLine: {'line': b'\x1b[01m\x1b[K/home/hutalia/ROS2_Hutalia/ros2_ws/src/marvelmind_ros2_upstream/src/marvelmind_api.c:1020:1:\x1b[m\x1b[K \x1b[01;35m\x1b[Kwarning: \x1b[m\x1b[K\xe2\x80\x98\x1b[01m\x1b[Kstdcall\x1b[m\x1b[K\xe2\x80\x99 attribute directive ignored [\x1b[01;35m\x1b[K\x1b]8;;https://gcc.gnu.org/onlinedocs/gcc/Warning-Options.html#index-Wattributes\x07-Wattributes\x1b]8;;\x07\x1b[m\x1b[K]\n'}
[115.235991] (marvelmind_ros2) StderrLine: {'line': b' 1020 | \x1b[01;35m\x1b[Ktypedef\x1b[m\x1b[K bool MM_STDCALL1 (MM_STDCALL2 *pt_mm_set_update_positions_command) (void *pdata);\n'}
[115.236835] (marvelmind_ros2) StderrLine: {'line': b'      | \x1b[01;35m\x1b[K^~~~~~~\x1b[m\x1b[K\n'}
[115.237751] (marvelmind_ros2) StderrLine: {'line': b'\x1b[01m\x1b[K/home/hutalia/ROS2_Hutalia/ros2_ws/src/marvelmind_ros2_upstream/src/marvelmind_api.c:1035:1:\x1b[m\x1b[K \x1b[01;35m\x1b[Kwarning: \x1b[m\x1b[K\xe2\x80\x98\x1b[01m\x1b[Kstdcall\x1b[m\x1b[K\xe2\x80\x99 attribute directive ignored [\x1b[01;35m\x1b[K\x1b]8;;https://gcc.gnu.org/onlinedocs/gcc/Warning-Options.html#index-Wattributes\x07-Wattributes\x1b]8;;\x07\x1b[m\x1b[K]\n'}
[115.238707] (marvelmind_ros2) StderrLine: {'line': b' 1035 | \x1b[01;35m\x1b[Ktypedef\x1b[m\x1b[K bool MM_STDCALL1 (MM_STDCALL2 *pt_mm_set_alarm_state) (uint8_t address, void *pdata);\n'}
[115.239708] (marvelmind_ros2) StderrLine: {'line': b'      | \x1b[01;35m\x1b[K^~~~~~~\x1b[m\x1b[K\n'}
[115.240666] (marvelmind_ros2) StderrLine: {'line': b'\x1b[01m\x1b[K/home/hutalia/ROS2_Hutalia/ros2_ws/src/marvelmind_ros2_upstream/src/marvelmind_api.c:1052:1:\x1b[m\x1b[K \x1b[01;35m\x1b[Kwarning: \x1b[m\x1b[K\xe2\x80\x98\x1b[01m\x1b[Kstdcall\x1b[m\x1b[K\xe2\x80\x99 attribute directive ignored [\x1b[01;35m\x1b[K\x1b]8;;https://gcc.gnu.org/onlinedocs/gcc/Warning-Options.html#index-Wattributes\x07-Wattributes\x1b]8;;\x07\x1b[m\x1b[K]\n'}
[115.241524] (marvelmind_ros2) StderrLine: {'line': b' 1052 | \x1b[01;35m\x1b[Ktypedef\x1b[m\x1b[K bool MM_STDCALL1 (MM_STDCALL2 *pt_mm_send_user_payload) (uint8_t address, void *pdata);\n'}
[115.242429] (marvelmind_ros2) StderrLine: {'line': b'      | \x1b[01;35m\x1b[K^~~~~~~\x1b[m\x1b[K\n'}
[115.243851] (marvelmind_ros2) StderrLine: {'line': b'\x1b[01m\x1b[K/home/hutalia/ROS2_Hutalia/ros2_ws/src/marvelmind_ros2_upstream/src/marvelmind_api.c:1068:1:\x1b[m\x1b[K \x1b[01;35m\x1b[Kwarning: \x1b[m\x1b[K\xe2\x80\x98\x1b[01m\x1b[Kstdcall\x1b[m\x1b[K\xe2\x80\x99 attribute directive ignored [\x1b[01;35m\x1b[K\x1b]8;;https://gcc.gnu.org/onlinedocs/gcc/Warning-Options.html#index-Wattributes\x07-Wattributes\x1b]8;;\x07\x1b[m\x1b[K]\n'}
[115.246300] (marvelmind_ros2) StderrLine: {'line': b' 1068 | \x1b[01;35m\x1b[Ktypedef\x1b[m\x1b[K bool MM_STDCALL1 (MM_STDCALL2 *pt_mm_get_user_payload) (void *pdata);\n'}
[115.248416] (marvelmind_ros2) StderrLine: {'line': b'      | \x1b[01;35m\x1b[K^~~~~~~\x1b[m\x1b[K\n'}
[115.249790] (marvelmind_ros2) StderrLine: {'line': b'\x1b[01m\x1b[K/home/hutalia/ROS2_Hutalia/ros2_ws/src/marvelmind_ros2_upstream/src/marvelmind_api.c:1092:1:\x1b[m\x1b[K \x1b[01;35m\x1b[Kwarning: \x1b[m\x1b[K\xe2\x80\x98\x1b[01m\x1b[Kstdcall\x1b[m\x1b[K\xe2\x80\x99 attribute directive ignored [\x1b[01;35m\x1b[K\x1b]8;;https://gcc.gnu.org/onlinedocs/gcc/Warning-Options.html#index-Wattributes\x07-Wattributes\x1b]8;;\x07\x1b[m\x1b[K]\n'}
[115.250733] (marvelmind_ros2) StderrLine: {'line': b' 1092 | \x1b[01;35m\x1b[Ktypedef\x1b[m\x1b[K bool MM_STDCALL1 (MM_STDCALL2 *pt_mm_set_motors_control) (uint8_t address, void *pdata);\n'}
[115.251626] (marvelmind_ros2) StderrLine: {'line': b'      | \x1b[01;35m\x1b[K^~~~~~~\x1b[m\x1b[K\n'}
[115.252421] (marvelmind_ros2) StderrLine: {'line': b'\x1b[01m\x1b[K/home/hutalia/ROS2_Hutalia/ros2_ws/src/marvelmind_ros2_upstream/src/marvelmind_api.c:1107:1:\x1b[m\x1b[K \x1b[01;35m\x1b[Kwarning: \x1b[m\x1b[K\xe2\x80\x98\x1b[01m\x1b[Kstdcall\x1b[m\x1b[K\xe2\x80\x99 attribute directive ignored [\x1b[01;35m\x1b[K\x1b]8;;https://gcc.gnu.org/onlinedocs/gcc/Warning-Options.html#index-Wattributes\x07-Wattributes\x1b]8;;\x07\x1b[m\x1b[K]\n'}
[115.253230] (marvelmind_ros2) StderrLine: {'line': b' 1107 | \x1b[01;35m\x1b[Ktypedef\x1b[m\x1b[K bool MM_STDCALL1 (MM_STDCALL2 *pt_mm_set_robot_program_item) (uint8_t address, void *pdata);\n'}
[115.254641] (marvelmind_ros2) StderrLine: {'line': b'      | \x1b[01;35m\x1b[K^~~~~~~\x1b[m\x1b[K\n'}
[115.255931] (marvelmind_ros2) StderrLine: {'line': b'\x1b[01m\x1b[K/home/hutalia/ROS2_Hutalia/ros2_ws/src/marvelmind_ros2_upstream/src/marvelmind_api.c:1126:1:\x1b[m\x1b[K \x1b[01;35m\x1b[Kwarning: \x1b[m\x1b[K\xe2\x80\x98\x1b[01m\x1b[Kstdcall\x1b[m\x1b[K\xe2\x80\x99 attribute directive ignored [\x1b[01;35m\x1b[K\x1b]8;;https://gcc.gnu.org/onlinedocs/gcc/Warning-Options.html#index-Wattributes\x07-Wattributes\x1b]8;;\x07\x1b[m\x1b[K]\n'}
[115.256751] (marvelmind_ros2) StderrLine: {'line': b' 1126 | \x1b[01;35m\x1b[Ktypedef\x1b[m\x1b[K bool MM_STDCALL1 (MM_STDCALL2 *pt_mm_set_robot_command) (uint8_t address, void *pdata);\n'}
[115.257552] (marvelmind_ros2) StderrLine: {'line': b'      | \x1b[01;35m\x1b[K^~~~~~~\x1b[m\x1b[K\n'}
[115.259125] (marvelmind_ros2) StderrLine: {'line': b'\x1b[01m\x1b[K/home/hutalia/ROS2_Hutalia/ros2_ws/src/marvelmind_ros2_upstream/src/marvelmind_api.c:1143:1:\x1b[m\x1b[K \x1b[01;35m\x1b[Kwarning: \x1b[m\x1b[K\xe2\x80\x98\x1b[01m\x1b[Kstdcall\x1b[m\x1b[K\xe2\x80\x99 attribute directive ignored [\x1b[01;35m\x1b[K\x1b]8;;https://gcc.gnu.org/onlinedocs/gcc/Warning-Options.html#index-Wattributes\x07-Wattributes\x1b]8;;\x07\x1b[m\x1b[K]\n'}
[115.260785] (marvelmind_ros2) StderrLine: {'line': b' 1143 | \x1b[01;35m\x1b[Ktypedef\x1b[m\x1b[K bool MM_STDCALL1 (MM_STDCALL2 *pt_mm_set_robot_position) (uint8_t address, void *pdata);\n'}
[115.261843] (marvelmind_ros2) StderrLine: {'line': b'      | \x1b[01;35m\x1b[K^~~~~~~\x1b[m\x1b[K\n'}
[115.263338] (marvelmind_ros2) StderrLine: {'line': b'\x1b[01m\x1b[K/home/hutalia/ROS2_Hutalia/ros2_ws/src/marvelmind_ros2_upstream/src/marvelmind_api.c:1165:1:\x1b[m\x1b[K \x1b[01;35m\x1b[Kwarning: \x1b[m\x1b[K\xe2\x80\x98\x1b[01m\x1b[Kstdcall\x1b[m\x1b[K\xe2\x80\x99 attribute directive ignored [\x1b[01;35m\x1b[K\x1b]8;;https://gcc.gnu.org/onlinedocs/gcc/Warning-Options.html#index-Wattributes\x07-Wattributes\x1b]8;;\x07\x1b[m\x1b[K]\n'}
[115.264601] (marvelmind_ros2) StderrLine: {'line': b' 1165 | \x1b[01;35m\x1b[Ktypedef\x1b[m\x1b[K bool MM_STDCALL1 (MM_STDCALL2 *pt_mm_get_robot_telemetry)(uint8_t address, void *pdata);\n'}
[115.265477] (marvelmind_ros2) StderrLine: {'line': b'      | \x1b[01;35m\x1b[K^~~~~~~\x1b[m\x1b[K\n'}
[115.266327] (marvelmind_ros2) StderrLine: {'line': b'\x1b[01m\x1b[K/home/hutalia/ROS2_Hutalia/ros2_ws/src/marvelmind_ros2_upstream/src/marvelmind_api.c:1182:1:\x1b[m\x1b[K \x1b[01;35m\x1b[Kwarning: \x1b[m\x1b[K\xe2\x80\x98\x1b[01m\x1b[Kstdcall\x1b[m\x1b[K\xe2\x80\x99 attribute directive ignored [\x1b[01;35m\x1b[K\x1b]8;;https://gcc.gnu.org/onlinedocs/gcc/Warning-Options.html#index-Wattributes\x07-Wattributes\x1b]8;;\x07\x1b[m\x1b[K]\n'}
[115.267290] (marvelmind_ros2) StderrLine: {'line': b' 1182 | \x1b[01;35m\x1b[Ktypedef\x1b[m\x1b[K bool MM_STDCALL1 (MM_STDCALL2 *pt_mm_get_robot_settings)(uint8_t address, void *pdata);\n'}
[115.268451] (marvelmind_ros2) StderrLine: {'line': b'      | \x1b[01;35m\x1b[K^~~~~~~\x1b[m\x1b[K\n'}
[115.269299] (marvelmind_ros2) StderrLine: {'line': b'\x1b[01m\x1b[K/home/hutalia/ROS2_Hutalia/ros2_ws/src/marvelmind_ros2_upstream/src/marvelmind_api.c:1201:1:\x1b[m\x1b[K \x1b[01;35m\x1b[Kwarning: \x1b[m\x1b[K\xe2\x80\x98\x1b[01m\x1b[Kstdcall\x1b[m\x1b[K\xe2\x80\x99 attribute directive ignored [\x1b[01;35m\x1b[K\x1b]8;;https://gcc.gnu.org/onlinedocs/gcc/Warning-Options.html#index-Wattributes\x07-Wattributes\x1b]8;;\x07\x1b[m\x1b[K]\n'}
[115.270685] (marvelmind_ros2) StderrLine: {'line': b' 1201 | \x1b[01;35m\x1b[Ktypedef\x1b[m\x1b[K bool MM_STDCALL1 (MM_STDCALL2 *pt_mm_set_robot_settings)(uint8_t address, void *pdata);\n'}
[115.273545] (marvelmind_ros2) StderrLine: {'line': b'      | \x1b[01;35m\x1b[K^~~~~~~\x1b[m\x1b[K\n'}
[115.275214] (marvelmind_ros2) StderrLine: {'line': b'\x1b[01m\x1b[K/home/hutalia/ROS2_Hutalia/ros2_ws/src/marvelmind_ros2_upstream/src/marvelmind_api.c:1220:1:\x1b[m\x1b[K \x1b[01;35m\x1b[Kwarning: \x1b[m\x1b[K\xe2\x80\x98\x1b[01m\x1b[Kstdcall\x1b[m\x1b[K\xe2\x80\x99 attribute directive ignored [\x1b[01;35m\x1b[K\x1b]8;;https://gcc.gnu.org/onlinedocs/gcc/Warning-Options.html#index-Wattributes\x07-Wattributes\x1b]8;;\x07\x1b[m\x1b[K]\n'}
[115.277464] (marvelmind_ros2) StderrLine: {'line': b' 1220 | \x1b[01;35m\x1b[Ktypedef\x1b[m\x1b[K bool MM_STDCALL1 (MM_STDCALL2 *pt_mm_get_robot_v100_power)(void *pdata);\n'}
[115.278504] (marvelmind_ros2) StderrLine: {'line': b'      | \x1b[01;35m\x1b[K^~~~~~~\x1b[m\x1b[K\n'}
[115.279296] (marvelmind_ros2) StderrLine: {'line': b'\x1b[01m\x1b[K/home/hutalia/ROS2_Hutalia/ros2_ws/src/marvelmind_ros2_upstream/src/marvelmind_api.c:1246:1:\x1b[m\x1b[K \x1b[01;35m\x1b[Kwarning: \x1b[m\x1b[K\xe2\x80\x98\x1b[01m\x1b[Kstdcall\x1b[m\x1b[K\xe2\x80\x99 attribute directive ignored [\x1b[01;35m\x1b[K\x1b]8;;https://gcc.gnu.org/onlinedocs/gcc/Warning-Options.html#index-Wattributes\x07-Wattributes\x1b]8;;\x07\x1b[m\x1b[K]\n'}
[115.280159] (marvelmind_ros2) StderrLine: {'line': b' 1246 | \x1b[01;35m\x1b[Ktypedef\x1b[m\x1b[K bool MM_STDCALL1 (MM_STDCALL2 *pt_mm_get_robot_v100_encoders)(void *pdata);\n'}
[115.280924] (marvelmind_ros2) StderrLine: {'line': b'      | \x1b[01;35m\x1b[K^~~~~~~\x1b[m\x1b[K\n'}
[115.281588] (marvelmind_ros2) StderrLine: {'line': b'\x1b[01m\x1b[K/home/hutalia/ROS2_Hutalia/ros2_ws/src/marvelmind_ros2_upstream/src/marvelmind_api.c:1269:1:\x1b[m\x1b[K \x1b[01;35m\x1b[Kwarning: \x1b[m\x1b[K\xe2\x80\x98\x1b[01m\x1b[Kstdcall\x1b[m\x1b[K\xe2\x80\x99 attribute directive ignored [\x1b[01;35m\x1b[K\x1b]8;;https://gcc.gnu.org/onlinedocs/gcc/Warning-Options.html#index-Wattributes\x07-Wattributes\x1b]8;;\x07\x1b[m\x1b[K]\n'}
[115.282491] (marvelmind_ros2) StderrLine: {'line': b' 1269 | \x1b[01;35m\x1b[Ktypedef\x1b[m\x1b[K bool MM_STDCALL1 (MM_STDCALL2 *pt_mm_get_robot_v100_lidars)(void *pdata);\n'}
[115.283214] (marvelmind_ros2) StderrLine: {'line': b'      | \x1b[01;35m\x1b[K^~~~~~~\x1b[m\x1b[K\n'}
[115.283749] (marvelmind_ros2) StderrLine: {'line': b'\x1b[01m\x1b[K/home/hutalia/ROS2_Hutalia/ros2_ws/src/marvelmind_ros2_upstream/src/marvelmind_api.c:1300:1:\x1b[m\x1b[K \x1b[01;35m\x1b[Kwarning: \x1b[m\x1b[K\xe2\x80\x98\x1b[01m\x1b[Kstdcall\x1b[m\x1b[K\xe2\x80\x99 attribute directive ignored [\x1b[01;35m\x1b[K\x1b]8;;https://gcc.gnu.org/onlinedocs/gcc/Warning-Options.html#index-Wattributes\x07-Wattributes\x1b]8;;\x07\x1b[m\x1b[K]\n'}
[115.284996] (marvelmind_ros2) StderrLine: {'line': b' 1300 | \x1b[01;35m\x1b[Ktypedef\x1b[m\x1b[K bool MM_STDCALL1 (MM_STDCALL2 *pt_mm_get_robot_v100_location)(void *pdata);\n'}
[115.286593] (marvelmind_ros2) StderrLine: {'line': b'      | \x1b[01;35m\x1b[K^~~~~~~\x1b[m\x1b[K\n'}
[115.287622] (marvelmind_ros2) StderrLine: {'line': b'\x1b[01m\x1b[K/home/hutalia/ROS2_Hutalia/ros2_ws/src/marvelmind_ros2_upstream/src/marvelmind_api.c:1329:1:\x1b[m\x1b[K \x1b[01;35m\x1b[Kwarning: \x1b[m\x1b[K\xe2\x80\x98\x1b[01m\x1b[Kstdcall\x1b[m\x1b[K\xe2\x80\x99 attribute directive ignored [\x1b[01;35m\x1b[K\x1b]8;;https://gcc.gnu.org/onlinedocs/gcc/Warning-Options.html#index-Wattributes\x07-Wattributes\x1b]8;;\x07\x1b[m\x1b[K]\n'}
[115.288639] (marvelmind_ros2) StderrLine: {'line': b' 1329 | \x1b[01;35m\x1b[Ktypedef\x1b[m\x1b[K bool MM_STDCALL1 (MM_STDCALL2 *pt_mm_get_robot_v100_raw_imu)(void *pdata);\n'}
[115.290168] (marvelmind_ros2) StderrLine: {'line': b'      | \x1b[01;35m\x1b[K^~~~~~~\x1b[m\x1b[K\n'}
[115.291480] (marvelmind_ros2) StderrLine: {'line': b'\x1b[01m\x1b[K/home/hutalia/ROS2_Hutalia/ros2_ws/src/marvelmind_ros2_upstream/src/marvelmind_api.c:1358:1:\x1b[m\x1b[K \x1b[01;35m\x1b[Kwarning: \x1b[m\x1b[K\xe2\x80\x98\x1b[01m\x1b[Kstdcall\x1b[m\x1b[K\xe2\x80\x99 attribute directive ignored [\x1b[01;35m\x1b[K\x1b]8;;https://gcc.gnu.org/onlinedocs/gcc/Warning-Options.html#index-Wattributes\x07-Wattributes\x1b]8;;\x07\x1b[m\x1b[K]\n'}
[115.292272] (marvelmind_ros2) StderrLine: {'line': b' 1358 | \x1b[01;35m\x1b[Ktypedef\x1b[m\x1b[K bool MM_STDCALL1 (MM_STDCALL2 *pt_mm_set_robot_v100_motors)(void *pdata);\n'}
[115.292987] (marvelmind_ros2) StderrLine: {'line': b'      | \x1b[01;35m\x1b[K^~~~~~~\x1b[m\x1b[K\n'}
[115.294073] (marvelmind_ros2) StderrLine: {'line': b'\x1b[01m\x1b[K/home/hutalia/ROS2_Hutalia/ros2_ws/src/marvelmind_ros2_upstream/src/marvelmind_api.c:1384:1:\x1b[m\x1b[K \x1b[01;35m\x1b[Kwarning: \x1b[m\x1b[K\xe2\x80\x98\x1b[01m\x1b[Kstdcall\x1b[m\x1b[K\xe2\x80\x99 attribute directive ignored [\x1b[01;35m\x1b[K\x1b]8;;https://gcc.gnu.org/onlinedocs/gcc/Warning-Options.html#index-Wattributes\x07-Wattributes\x1b]8;;\x07\x1b[m\x1b[K]\n'}
[115.294876] (marvelmind_ros2) StderrLine: {'line': b' 1384 | \x1b[01;35m\x1b[Ktypedef\x1b[m\x1b[K bool MM_STDCALL1 (MM_STDCALL2 *pt_mm_device_is_modem)(uint8_t deviceType);\n'}
[115.295613] (marvelmind_ros2) StderrLine: {'line': b'      | \x1b[01;35m\x1b[K^~~~~~~\x1b[m\x1b[K\n'}
[115.296617] (-) TimerEvent: {}
[115.297252] (marvelmind_ros2) StderrLine: {'line': b'\x1b[01m\x1b[K/home/hutalia/ROS2_Hutalia/ros2_ws/src/marvelmind_ros2_upstream/src/marvelmind_api.c:1393:1:\x1b[m\x1b[K \x1b[01;35m\x1b[Kwarning: \x1b[m\x1b[K\xe2\x80\x98\x1b[01m\x1b[Kstdcall\x1b[m\x1b[K\xe2\x80\x99 attribute directive ignored [\x1b[01;35m\x1b[K\x1b]8;;https://gcc.gnu.org/onlinedocs/gcc/Warning-Options.html#index-Wattributes\x07-Wattributes\x1b]8;;\x07\x1b[m\x1b[K]\n'}
[115.298010] (marvelmind_ros2) StderrLine: {'line': b' 1393 | \x1b[01;35m\x1b[Ktypedef\x1b[m\x1b[K bool MM_STDCALL1 (MM_STDCALL2 *pt_mm_device_is_beacon)(uint8_t deviceType);\n'}
[115.299604] (marvelmind_ros2) StderrLine: {'line': b'      | \x1b[01;35m\x1b[K^~~~~~~\x1b[m\x1b[K\n'}
[115.300859] (marvelmind_ros2) StderrLine: {'line': b'\x1b[01m\x1b[K/home/hutalia/ROS2_Hutalia/ros2_ws/src/marvelmind_ros2_upstream/src/marvelmind_api.c:1402:1:\x1b[m\x1b[K \x1b[01;35m\x1b[Kwarning: \x1b[m\x1b[K\xe2\x80\x98\x1b[01m\x1b[Kstdcall\x1b[m\x1b[K\xe2\x80\x99 attribute directive ignored [\x1b[01;35m\x1b[K\x1b]8;;https://gcc.gnu.org/onlinedocs/gcc/Warning-Options.html#index-Wattributes\x07-Wattributes\x1b]8;;\x07\x1b[m\x1b[K]\n'}
[115.302461] (marvelmind_ros2) StderrLine: {'line': b' 1402 | \x1b[01;35m\x1b[Ktypedef\x1b[m\x1b[K bool MM_STDCALL1 (MM_STDCALL2 *pt_mm_device_is_hedgehog) (uint8_t deviceType);\n'}
[115.303410] (marvelmind_ros2) StderrLine: {'line': b'      | \x1b[01;35m\x1b[K^~~~~~~\x1b[m\x1b[K\n'}
[115.306630] (marvelmind_ros2) StderrLine: {'line': b'\x1b[01m\x1b[K/home/hutalia/ROS2_Hutalia/ros2_ws/src/marvelmind_ros2_upstream/src/marvelmind_api.c:1411:1:\x1b[m\x1b[K \x1b[01;35m\x1b[Kwarning: \x1b[m\x1b[K\xe2\x80\x98\x1b[01m\x1b[Kstdcall\x1b[m\x1b[K\xe2\x80\x99 attribute directive ignored [\x1b[01;35m\x1b[K\x1b]8;;https://gcc.gnu.org/onlinedocs/gcc/Warning-Options.html#index-Wattributes\x07-Wattributes\x1b]8;;\x07\x1b[m\x1b[K]\n'}
[115.309315] (marvelmind_ros2) StderrLine: {'line': b' 1411 | \x1b[01;35m\x1b[Ktypedef\x1b[m\x1b[K bool MM_STDCALL1 (MM_STDCALL2 *pt_mm_device_is_robot) (uint8_t deviceType);\n'}
[115.310333] (marvelmind_ros2) StderrLine: {'line': b'      | \x1b[01;35m\x1b[K^~~~~~~\x1b[m\x1b[K\n'}
[115.311108] (marvelmind_ros2) StderrLine: {'line': b'\x1b[01m\x1b[K/home/hutalia/ROS2_Hutalia/ros2_ws/src/marvelmind_ros2_upstream/src/marvelmind_api.c:1423:1:\x1b[m\x1b[K \x1b[01;35m\x1b[Kwarning: \x1b[m\x1b[K\xe2\x80\x98\x1b[01m\x1b[Kstdcall\x1b[m\x1b[K\xe2\x80\x99 attribute directive ignored [\x1b[01;35m\x1b[K\x1b]8;;https://gcc.gnu.org/onlinedocs/gcc/Warning-Options.html#index-Wattributes\x07-Wattributes\x1b]8;;\x07\x1b[m\x1b[K]\n'}
[115.311879] (marvelmind_ros2) StderrLine: {'line': b' 1423 | \x1b[01;35m\x1b[Ktypedef\x1b[m\x1b[K bool MM_STDCALL1(MM_STDCALL2* pt_simple_api_call)(void* pdata);\n'}
[115.312567] (marvelmind_ros2) StderrLine: {'line': b'      | \x1b[01;35m\x1b[K^~~~~~~\x1b[m\x1b[K\n'}
[115.313136] (marvelmind_ros2) StderrLine: {'line': b'\x1b[01m\x1b[K/home/hutalia/ROS2_Hutalia/ros2_ws/src/marvelmind_ros2_upstream/src/marvelmind_api.c:1442:1:\x1b[m\x1b[K \x1b[01;35m\x1b[Kwarning: \x1b[m\x1b[K\xe2\x80\x98\x1b[01m\x1b[Kstdcall\x1b[m\x1b[K\xe2\x80\x99 attribute directive ignored [\x1b[01;35m\x1b[K\x1b]8;;https://gcc.gnu.org/onlinedocs/gcc/Warning-Options.html#index-Wattributes\x07-Wattributes\x1b]8;;\x07\x1b[m\x1b[K]\n'}
[115.314506] (marvelmind_ros2) StderrLine: {'line': b' 1442 | \x1b[01;35m\x1b[Ktypedef\x1b[m\x1b[K bool MM_STDCALL1(MM_STDCALL2* pt_simple_api_call_addressed)(uint8_t address, void* pdata);\n'}
[115.315555] (marvelmind_ros2) StderrLine: {'line': b'      | \x1b[01;35m\x1b[K^~~~~~~\x1b[m\x1b[K\n'}
[115.316395] (marvelmind_ros2) StderrLine: {'line': b'\x1b[01m\x1b[K/home/hutalia/ROS2_Hutalia/ros2_ws/src/marvelmind_ros2_upstream/src/marvelmind_api.c:1461:1:\x1b[m\x1b[K \x1b[01;35m\x1b[Kwarning: \x1b[m\x1b[K\xe2\x80\x98\x1b[01m\x1b[Kstdcall\x1b[m\x1b[K\xe2\x80\x99 attribute directive ignored [\x1b[01;35m\x1b[K\x1b]8;;https://gcc.gnu.org/onlinedocs/gcc/Warning-Options.html#index-Wattributes\x07-Wattributes\x1b]8;;\x07\x1b[m\x1b[K]\n'}
[115.317729] (marvelmind_ros2) StderrLine: {'line': b' 1461 | \x1b[01;35m\x1b[Ktypedef\x1b[m\x1b[K bool MM_STDCALL1(MM_STDCALL2* pt_simple_api_call_send1byte)(uint8_t v8);\n'}
[115.319087] (marvelmind_ros2) StderrLine: {'line': b'      | \x1b[01;35m\x1b[K^~~~~~~\x1b[m\x1b[K\n'}
[115.319988] (marvelmind_ros2) StderrLine: {'line': b'\x1b[01m\x1b[K/home/hutalia/ROS2_Hutalia/ros2_ws/src/marvelmind_ros2_upstream/src/marvelmind_api.c:1599:1:\x1b[m\x1b[K \x1b[01;35m\x1b[Kwarning: \x1b[m\x1b[K\xe2\x80\x98\x1b[01m\x1b[Kstdcall\x1b[m\x1b[K\xe2\x80\x99 attribute directive ignored [\x1b[01;35m\x1b[K\x1b]8;;https://gcc.gnu.org/onlinedocs/gcc/Warning-Options.html#index-Wattributes\x07-Wattributes\x1b]8;;\x07\x1b[m\x1b[K]\n'}
[115.321027] (marvelmind_ros2) StderrLine: {'line': b' 1599 | \x1b[01;35m\x1b[Ktypedef\x1b[m\x1b[K bool MM_STDCALL1(MM_STDCALL2* pt_simple_api_call_no_request)(void);\n'}
[115.322555] (marvelmind_ros2) StderrLine: {'line': b'      | \x1b[01;35m\x1b[K^~~~~~~\x1b[m\x1b[K\n'}
[115.397224] (-) TimerEvent: {}
[115.465239] (marvelmind_ros2) StdoutLine: {'line': b'[ 37%] \x1b[32m\x1b[1mLinking C static library libmarvelmind_hedge_lib.a\x1b[0m\n'}
[115.497420] (-) TimerEvent: {}
[115.600442] (-) TimerEvent: {}
[115.702017] (-) TimerEvent: {}
[115.753562] (marvelmind_ros2) StdoutLine: {'line': b'[ 37%] Built target marvelmind_hedge_lib\n'}
[115.802270] (-) TimerEvent: {}
[115.871576] (marvelmind_ros2) StdoutLine: {'line': b'[ 50%] \x1b[32mBuilding CXX object CMakeFiles/marvelmind_ros2.dir/src/marvelmind_ros2.cpp.o\x1b[0m\n'}
[115.902450] (-) TimerEvent: {}
[115.932524] (marvelmind_ros2) StdoutLine: {'line': b'[ 62%] \x1b[32m\x1b[1mLinking C static library libmarvelmind_api_lib.a\x1b[0m\n'}
[116.002646] (-) TimerEvent: {}
[116.094226] (marvelmind_ros2) StdoutLine: {'line': b'[ 62%] Built target marvelmind_api_lib\n'}
[116.102823] (-) TimerEvent: {}
[116.199919] (marvelmind_ros2) StdoutLine: {'line': b'[ 75%] \x1b[32mBuilding CXX object CMakeFiles/marvelmind_api_ros2.dir/src/marvelmind_api_ros2.cpp.o\x1b[0m\n'}
[116.203144] (-) TimerEvent: {}
[116.303835] (-) TimerEvent: {}
[116.404580] (-) TimerEvent: {}
[116.505302] (-) TimerEvent: {}
[116.605969] (-) TimerEvent: {}
[116.706683] (-) TimerEvent: {}
[116.807456] (-) TimerEvent: {}
[116.908193] (-) TimerEvent: {}
[117.008832] (-) TimerEvent: {}
[117.109517] (-) TimerEvent: {}
[117.210198] (-) TimerEvent: {}
[117.310841] (-) TimerEvent: {}
[117.411549] (-) TimerEvent: {}
[117.512200] (-) TimerEvent: {}
[117.612895] (-) TimerEvent: {}
[117.713725] (-) TimerEvent: {}
[117.814475] (-) TimerEvent: {}
[117.915198] (-) TimerEvent: {}
[118.015982] (-) TimerEvent: {}
[118.116822] (-) TimerEvent: {}
[118.217603] (-) TimerEvent: {}
[118.318408] (-) TimerEvent: {}
[118.419323] (-) TimerEvent: {}
[118.520235] (-) TimerEvent: {}
[118.621247] (-) TimerEvent: {}
[118.722112] (-) TimerEvent: {}
[118.824260] (-) TimerEvent: {}
[118.925143] (-) TimerEvent: {}
[119.026231] (-) TimerEvent: {}
[119.127212] (-) TimerEvent: {}
[119.228773] (-) TimerEvent: {}
[119.329658] (-) TimerEvent: {}
[119.432883] (-) TimerEvent: {}
[119.534003] (-) TimerEvent: {}
[119.635003] (-) TimerEvent: {}
[119.737224] (-) TimerEvent: {}
[119.838034] (-) TimerEvent: {}
[119.939026] (-) TimerEvent: {}
[120.040038] (-) TimerEvent: {}
[120.142183] (-) TimerEvent: {}
[120.243224] (-) TimerEvent: {}
[120.344158] (-) TimerEvent: {}
[120.444987] (-) TimerEvent: {}
[120.546878] (-) TimerEvent: {}
[120.647944] (-) TimerEvent: {}
[120.748962] (-) TimerEvent: {}
[120.849856] (-) TimerEvent: {}
[120.950744] (-) TimerEvent: {}
[121.051669] (-) TimerEvent: {}
[121.153692] (-) TimerEvent: {}
[121.255584] (-) TimerEvent: {}
[121.358178] (-) TimerEvent: {}
[121.458926] (-) TimerEvent: {}
[121.561242] (-) TimerEvent: {}
[121.663823] (-) TimerEvent: {}
[121.765541] (-) TimerEvent: {}
[121.867857] (-) TimerEvent: {}
[121.970692] (-) TimerEvent: {}
[122.073236] (-) TimerEvent: {}
[122.174780] (-) TimerEvent: {}
[122.278172] (-) TimerEvent: {}
[122.379830] (-) TimerEvent: {}
[122.481192] (-) TimerEvent: {}
[122.582734] (-) TimerEvent: {}
[122.683498] (-) TimerEvent: {}
[122.784274] (-) TimerEvent: {}
[122.885098] (-) TimerEvent: {}
[122.985915] (-) TimerEvent: {}
[123.086806] (-) TimerEvent: {}
[123.187720] (-) TimerEvent: {}
[123.288907] (-) TimerEvent: {}
[123.389761] (-) TimerEvent: {}
[123.490589] (-) TimerEvent: {}
[123.591472] (-) TimerEvent: {}
[123.692236] (-) TimerEvent: {}
[123.793102] (-) TimerEvent: {}
[123.895251] (-) TimerEvent: {}
[123.996117] (-) TimerEvent: {}
[124.096852] (-) TimerEvent: {}
[124.198281] (-) TimerEvent: {}
[124.299967] (-) TimerEvent: {}
[124.401367] (-) TimerEvent: {}
[124.502202] (-) TimerEvent: {}
[124.603502] (-) TimerEvent: {}
[124.704777] (-) TimerEvent: {}
[124.805634] (-) TimerEvent: {}
[124.906543] (-) TimerEvent: {}
[125.007453] (-) TimerEvent: {}
[125.108284] (-) TimerEvent: {}
[125.209247] (-) TimerEvent: {}
[125.310222] (-) TimerEvent: {}
[125.411330] (-) TimerEvent: {}
[125.512178] (-) TimerEvent: {}
[125.613008] (-) TimerEvent: {}
[125.713858] (-) TimerEvent: {}
[125.814719] (-) TimerEvent: {}
[125.915610] (-) TimerEvent: {}
[126.016505] (-) TimerEvent: {}
[126.117391] (-) TimerEvent: {}
[126.218435] (-) TimerEvent: {}
[126.319485] (-) TimerEvent: {}
[126.420398] (-) TimerEvent: {}
[126.521245] (-) TimerEvent: {}
[126.622155] (-) TimerEvent: {}
[126.723236] (-) TimerEvent: {}
[126.824683] (-) TimerEvent: {}
[126.925838] (-) TimerEvent: {}
[127.026737] (-) TimerEvent: {}
[127.128535] (-) TimerEvent: {}
[127.229417] (-) TimerEvent: {}
[127.330421] (-) TimerEvent: {}
[127.431252] (-) TimerEvent: {}
[127.532102] (-) TimerEvent: {}
[127.635318] (-) TimerEvent: {}
[127.736536] (-) TimerEvent: {}
[127.839292] (-) TimerEvent: {}
[127.940112] (-) TimerEvent: {}
[128.042246] (-) TimerEvent: {}
[128.145006] (-) TimerEvent: {}
[128.247284] (-) TimerEvent: {}
[128.350138] (-) TimerEvent: {}
[128.458029] (-) TimerEvent: {}
[128.559452] (-) TimerEvent: {}
[128.661434] (-) TimerEvent: {}
[128.762313] (-) TimerEvent: {}
[128.866325] (-) TimerEvent: {}
[128.967239] (-) TimerEvent: {}
[129.070479] (-) TimerEvent: {}
[129.172619] (-) TimerEvent: {}
[129.273970] (-) TimerEvent: {}
[129.375617] (-) TimerEvent: {}
[129.476803] (-) TimerEvent: {}
[129.577938] (-) TimerEvent: {}
[129.679138] (-) TimerEvent: {}
[129.780246] (-) TimerEvent: {}
[129.881410] (-) TimerEvent: {}
[129.982550] (-) TimerEvent: {}
[130.083713] (-) TimerEvent: {}
[130.184906] (-) TimerEvent: {}
[130.285857] (-) TimerEvent: {}
[130.386799] (-) TimerEvent: {}
[130.488862] (-) TimerEvent: {}
[130.589775] (-) TimerEvent: {}
[130.690633] (-) TimerEvent: {}
[130.791484] (-) TimerEvent: {}
[130.892332] (-) TimerEvent: {}
[130.993822] (-) TimerEvent: {}
[131.094776] (-) TimerEvent: {}
[131.195673] (-) TimerEvent: {}
[131.296513] (-) TimerEvent: {}
[131.397371] (-) TimerEvent: {}
[131.498240] (-) TimerEvent: {}
[131.599149] (-) TimerEvent: {}
[131.700007] (-) TimerEvent: {}
[131.800851] (-) TimerEvent: {}
[131.901736] (-) TimerEvent: {}
[132.002598] (-) TimerEvent: {}
[132.103464] (-) TimerEvent: {}
[132.204254] (-) TimerEvent: {}
[132.305103] (-) TimerEvent: {}
[132.405905] (-) TimerEvent: {}
[132.506787] (-) TimerEvent: {}
[132.607762] (-) TimerEvent: {}
[132.711296] (-) TimerEvent: {}
[132.812246] (-) TimerEvent: {}
[132.913180] (-) TimerEvent: {}
[133.015283] (-) TimerEvent: {}
[133.116120] (-) TimerEvent: {}
[133.216964] (-) TimerEvent: {}
[133.317964] (-) TimerEvent: {}
[133.418816] (-) TimerEvent: {}
[133.519700] (-) TimerEvent: {}
[133.620629] (-) TimerEvent: {}
[133.721704] (-) TimerEvent: {}
[133.822615] (-) TimerEvent: {}
[133.925031] (-) TimerEvent: {}
[134.026171] (-) TimerEvent: {}
[134.127164] (-) TimerEvent: {}
[134.228110] (-) TimerEvent: {}
[134.329221] (-) TimerEvent: {}
[134.429989] (-) TimerEvent: {}
[134.531022] (-) TimerEvent: {}
[134.633230] (-) TimerEvent: {}
[134.734323] (-) TimerEvent: {}
[134.837313] (-) TimerEvent: {}
[134.940254] (-) TimerEvent: {}
[135.048267] (-) TimerEvent: {}
[135.149561] (-) TimerEvent: {}
[135.262855] (-) TimerEvent: {}
[135.365159] (-) TimerEvent: {}
[135.466164] (-) TimerEvent: {}
[135.567988] (-) TimerEvent: {}
[135.670214] (-) TimerEvent: {}
[135.771982] (-) TimerEvent: {}
[135.874168] (-) TimerEvent: {}
[135.977486] (-) TimerEvent: {}
[136.079281] (-) TimerEvent: {}
[136.180902] (-) TimerEvent: {}
[136.283844] (-) TimerEvent: {}
[136.385345] (-) TimerEvent: {}
[136.486206] (-) TimerEvent: {}
[136.587097] (-) TimerEvent: {}
[136.687862] (-) TimerEvent: {}
[136.793268] (-) TimerEvent: {}
[136.894151] (-) TimerEvent: {}
[136.995756] (-) TimerEvent: {}
[137.162850] (-) TimerEvent: {}
[137.263921] (-) TimerEvent: {}
[137.285310] (marvelmind_ros2) StdoutLine: {'line': b'[ 87%] \x1b[32m\x1b[1mLinking CXX executable marvelmind_api_ros2\x1b[0m\n'}
[137.366776] (-) TimerEvent: {}
[137.467672] (-) TimerEvent: {}
[137.569156] (-) TimerEvent: {}
[137.670234] (-) TimerEvent: {}
[137.771305] (-) TimerEvent: {}
[137.872414] (-) TimerEvent: {}
[137.973592] (-) TimerEvent: {}
[138.074642] (-) TimerEvent: {}
[138.176000] (-) TimerEvent: {}
[138.277004] (-) TimerEvent: {}
[138.377951] (-) TimerEvent: {}
[138.469513] (marvelmind_ros2) StdoutLine: {'line': b'[ 87%] Built target marvelmind_api_ros2\n'}
[138.478200] (-) TimerEvent: {}
[138.578907] (-) TimerEvent: {}
[138.679699] (-) TimerEvent: {}
[138.780469] (-) TimerEvent: {}
[138.881267] (-) TimerEvent: {}
[138.982193] (-) TimerEvent: {}
[139.082899] (-) TimerEvent: {}
[139.183678] (-) TimerEvent: {}
[139.284462] (-) TimerEvent: {}
[139.385242] (-) TimerEvent: {}
[139.485957] (-) TimerEvent: {}
[139.586725] (-) TimerEvent: {}
[139.687479] (-) TimerEvent: {}
[139.788214] (-) TimerEvent: {}
[139.888933] (-) TimerEvent: {}
[139.989695] (-) TimerEvent: {}
[140.090643] (-) TimerEvent: {}
[140.191425] (-) TimerEvent: {}
[140.292201] (-) TimerEvent: {}
[140.392916] (-) TimerEvent: {}
[140.493721] (-) TimerEvent: {}
[140.594483] (-) TimerEvent: {}
[140.695232] (-) TimerEvent: {}
[140.795949] (-) TimerEvent: {}
[140.896717] (-) TimerEvent: {}
[140.997501] (-) TimerEvent: {}
[141.098224] (-) TimerEvent: {}
[141.198949] (-) TimerEvent: {}
[141.299714] (-) TimerEvent: {}
[141.400484] (-) TimerEvent: {}
[141.501275] (-) TimerEvent: {}
[141.602161] (-) TimerEvent: {}
[141.702885] (-) TimerEvent: {}
[141.803691] (-) TimerEvent: {}
[141.908705] (-) TimerEvent: {}
[142.009667] (-) TimerEvent: {}
[142.110779] (-) TimerEvent: {}
[142.212187] (-) TimerEvent: {}
[142.313013] (-) TimerEvent: {}
[142.414247] (-) TimerEvent: {}
[142.515192] (-) TimerEvent: {}
[142.616246] (-) TimerEvent: {}
[142.717218] (-) TimerEvent: {}
[142.817959] (-) TimerEvent: {}
[142.918731] (-) TimerEvent: {}
[143.019520] (-) TimerEvent: {}
[143.120303] (-) TimerEvent: {}
[143.221091] (-) TimerEvent: {}
[143.321784] (-) TimerEvent: {}
[143.422512] (-) TimerEvent: {}
[143.523242] (-) TimerEvent: {}
[143.623962] (-) TimerEvent: {}
[143.724762] (-) TimerEvent: {}
[143.825563] (-) TimerEvent: {}
[143.927467] (-) TimerEvent: {}
[144.029093] (-) TimerEvent: {}
[144.129838] (-) TimerEvent: {}
[144.230625] (-) TimerEvent: {}
[144.331402] (-) TimerEvent: {}
[144.432166] (-) TimerEvent: {}
[144.532874] (-) TimerEvent: {}
[144.633661] (-) TimerEvent: {}
[144.734468] (-) TimerEvent: {}
[144.835209] (-) TimerEvent: {}
[144.936162] (-) TimerEvent: {}
[145.037501] (-) TimerEvent: {}
[145.138464] (-) TimerEvent: {}
[145.239217] (-) TimerEvent: {}
[145.339953] (-) TimerEvent: {}
[145.440758] (-) TimerEvent: {}
[145.541591] (-) TimerEvent: {}
[145.642395] (-) TimerEvent: {}
[145.743176] (-) TimerEvent: {}
[145.843891] (-) TimerEvent: {}
[145.944709] (-) TimerEvent: {}
[146.045523] (-) TimerEvent: {}
[146.146316] (-) TimerEvent: {}
[146.247125] (-) TimerEvent: {}
[146.347885] (-) TimerEvent: {}
[146.448654] (-) TimerEvent: {}
[146.549419] (-) TimerEvent: {}
[146.650198] (-) TimerEvent: {}
[146.750931] (-) TimerEvent: {}
[146.851737] (-) TimerEvent: {}
[146.952523] (-) TimerEvent: {}
[147.053290] (-) TimerEvent: {}
[147.154023] (-) TimerEvent: {}
[147.254912] (-) TimerEvent: {}
[147.355779] (-) TimerEvent: {}
[147.456606] (-) TimerEvent: {}
[147.557514] (-) TimerEvent: {}
[147.658378] (-) TimerEvent: {}
[147.759375] (-) TimerEvent: {}
[147.860908] (-) TimerEvent: {}
[147.962238] (-) TimerEvent: {}
[148.063692] (-) TimerEvent: {}
[148.167426] (-) TimerEvent: {}
[148.268249] (-) TimerEvent: {}
[148.369200] (-) TimerEvent: {}
[148.470161] (-) TimerEvent: {}
[148.570982] (-) TimerEvent: {}
[148.672794] (-) TimerEvent: {}
[148.774446] (-) TimerEvent: {}
[148.875840] (-) TimerEvent: {}
[148.976699] (-) TimerEvent: {}
[149.077634] (-) TimerEvent: {}
[149.178599] (-) TimerEvent: {}
[149.279614] (-) TimerEvent: {}
[149.380678] (-) TimerEvent: {}
[149.481567] (-) TimerEvent: {}
[149.582403] (-) TimerEvent: {}
[149.683215] (-) TimerEvent: {}
[149.783944] (-) TimerEvent: {}
[149.884819] (-) TimerEvent: {}
[149.985766] (-) TimerEvent: {}
[150.086678] (-) TimerEvent: {}
[150.187801] (-) TimerEvent: {}
[150.288755] (-) TimerEvent: {}
[150.389772] (-) TimerEvent: {}
[150.490593] (-) TimerEvent: {}
[150.591372] (-) TimerEvent: {}
[150.692135] (-) TimerEvent: {}
[150.792865] (-) TimerEvent: {}
[150.893641] (-) TimerEvent: {}
[150.994457] (-) TimerEvent: {}
[151.095245] (-) TimerEvent: {}
[151.195972] (-) TimerEvent: {}
[151.296757] (-) TimerEvent: {}
[151.397608] (-) TimerEvent: {}
[151.498525] (-) TimerEvent: {}
[151.599250] (-) TimerEvent: {}
[151.699985] (-) TimerEvent: {}
[151.800787] (-) TimerEvent: {}
[151.901613] (-) TimerEvent: {}
[152.002500] (-) TimerEvent: {}
[152.103238] (-) TimerEvent: {}
[152.204023] (-) TimerEvent: {}
[152.304927] (-) TimerEvent: {}
[152.405736] (-) TimerEvent: {}
[152.506633] (-) TimerEvent: {}
[152.607457] (-) TimerEvent: {}
[152.708425] (-) TimerEvent: {}
[152.809234] (-) TimerEvent: {}
[152.909988] (-) TimerEvent: {}
[153.010777] (-) TimerEvent: {}
[153.111639] (-) TimerEvent: {}
[153.212421] (-) TimerEvent: {}
[153.313221] (-) TimerEvent: {}
[153.414004] (-) TimerEvent: {}
[153.514750] (-) TimerEvent: {}
[153.615525] (-) TimerEvent: {}
[153.716298] (-) TimerEvent: {}
[153.817145] (-) TimerEvent: {}
[153.918004] (-) TimerEvent: {}
[154.018836] (-) TimerEvent: {}
[154.119605] (-) TimerEvent: {}
[154.220508] (-) TimerEvent: {}
[154.321389] (-) TimerEvent: {}
[154.422149] (-) TimerEvent: {}
[154.522974] (-) TimerEvent: {}
[154.623854] (-) TimerEvent: {}
[154.724611] (-) TimerEvent: {}
[154.825335] (-) TimerEvent: {}
[154.926315] (-) TimerEvent: {}
[155.027577] (-) TimerEvent: {}
[155.129411] (-) TimerEvent: {}
[155.230181] (-) TimerEvent: {}
[155.330950] (-) TimerEvent: {}
[155.431733] (-) TimerEvent: {}
[155.532532] (-) TimerEvent: {}
[155.633289] (-) TimerEvent: {}
[155.734023] (-) TimerEvent: {}
[155.834782] (-) TimerEvent: {}
[155.935576] (-) TimerEvent: {}
[156.036421] (-) TimerEvent: {}
[156.137217] (-) TimerEvent: {}
[156.237967] (-) TimerEvent: {}
[156.338773] (-) TimerEvent: {}
[156.439519] (-) TimerEvent: {}
[156.540259] (-) TimerEvent: {}
[156.640970] (-) TimerEvent: {}
[156.741729] (-) TimerEvent: {}
[156.842537] (-) TimerEvent: {}
[156.943298] (-) TimerEvent: {}
[157.044025] (-) TimerEvent: {}
[157.144798] (-) TimerEvent: {}
[157.245590] (-) TimerEvent: {}
[157.346372] (-) TimerEvent: {}
[157.447184] (-) TimerEvent: {}
[157.547924] (-) TimerEvent: {}
[157.648711] (-) TimerEvent: {}
[157.749517] (-) TimerEvent: {}
[157.850321] (-) TimerEvent: {}
[157.951041] (-) TimerEvent: {}
[158.051825] (-) TimerEvent: {}
[158.152576] (-) TimerEvent: {}
[158.253343] (-) TimerEvent: {}
[158.354185] (-) TimerEvent: {}
[158.454939] (-) TimerEvent: {}
[158.555803] (-) TimerEvent: {}
[158.656583] (-) TimerEvent: {}
[158.757319] (-) TimerEvent: {}
[158.858095] (-) TimerEvent: {}
[158.958876] (-) TimerEvent: {}
[159.059787] (-) TimerEvent: {}
[159.160586] (-) TimerEvent: {}
[159.261332] (-) TimerEvent: {}
[159.362117] (-) TimerEvent: {}
[159.462878] (-) TimerEvent: {}
[159.563664] (-) TimerEvent: {}
[159.664483] (-) TimerEvent: {}
[159.765229] (-) TimerEvent: {}
[159.865971] (-) TimerEvent: {}
[159.966803] (-) TimerEvent: {}
[160.067720] (-) TimerEvent: {}
[160.168493] (-) TimerEvent: {}
[160.269236] (-) TimerEvent: {}
[160.370025] (-) TimerEvent: {}
[160.470902] (-) TimerEvent: {}
[160.572973] (-) TimerEvent: {}
[160.673835] (-) TimerEvent: {}
[160.774642] (-) TimerEvent: {}
[160.875529] (-) TimerEvent: {}
[160.976562] (-) TimerEvent: {}
[161.077397] (-) TimerEvent: {}
[161.178297] (-) TimerEvent: {}
[161.279715] (-) TimerEvent: {}
[161.381095] (-) TimerEvent: {}
[161.481848] (-) TimerEvent: {}
[161.582623] (-) TimerEvent: {}
[161.683399] (-) TimerEvent: {}
[161.784173] (-) TimerEvent: {}
[161.884887] (-) TimerEvent: {}
[161.985662] (-) TimerEvent: {}
[162.086456] (-) TimerEvent: {}
[162.187214] (-) TimerEvent: {}
[162.287933] (-) TimerEvent: {}
[162.388725] (-) TimerEvent: {}
[162.489521] (-) TimerEvent: {}
[162.590304] (-) TimerEvent: {}
[162.691121] (-) TimerEvent: {}
[162.791864] (-) TimerEvent: {}
[162.892685] (-) TimerEvent: {}
[162.993430] (-) TimerEvent: {}
[163.094196] (-) TimerEvent: {}
[163.194912] (-) TimerEvent: {}
[163.295711] (-) TimerEvent: {}
[163.396537] (-) TimerEvent: {}
[163.497318] (-) TimerEvent: {}
[163.598023] (-) TimerEvent: {}
[163.698766] (-) TimerEvent: {}
[163.799526] (-) TimerEvent: {}
[163.900272] (-) TimerEvent: {}
[164.001013] (-) TimerEvent: {}
[164.101781] (-) TimerEvent: {}
[164.202628] (-) TimerEvent: {}
[164.303418] (-) TimerEvent: {}
[164.404206] (-) TimerEvent: {}
[164.504936] (-) TimerEvent: {}
[164.605798] (-) TimerEvent: {}
[164.706579] (-) TimerEvent: {}
[164.807360] (-) TimerEvent: {}
[164.908127] (-) TimerEvent: {}
[165.008863] (-) TimerEvent: {}
[165.110212] (-) TimerEvent: {}
[165.211026] (-) TimerEvent: {}
[165.311864] (-) TimerEvent: {}
[165.412654] (-) TimerEvent: {}
[165.513478] (-) TimerEvent: {}
[165.614222] (-) TimerEvent: {}
[165.714945] (-) TimerEvent: {}
[165.815728] (-) TimerEvent: {}
[165.916482] (-) TimerEvent: {}
[166.017217] (-) TimerEvent: {}
[166.117964] (-) TimerEvent: {}
[166.218726] (-) TimerEvent: {}
[166.319664] (-) TimerEvent: {}
[166.420440] (-) TimerEvent: {}
[166.521245] (-) TimerEvent: {}
[166.622470] (-) TimerEvent: {}
[166.723300] (-) TimerEvent: {}
[166.824401] (-) TimerEvent: {}
[166.925317] (-) TimerEvent: {}
[167.026105] (-) TimerEvent: {}
[167.126972] (-) TimerEvent: {}
[167.227882] (-) TimerEvent: {}
[167.328552] (-) TimerEvent: {}
[167.429357] (-) TimerEvent: {}
[167.585804] (-) TimerEvent: {}
[167.687137] (-) TimerEvent: {}
[167.788205] (-) TimerEvent: {}
[167.888919] (-) TimerEvent: {}
[167.989684] (-) TimerEvent: {}
[168.090462] (-) TimerEvent: {}
[168.191221] (-) TimerEvent: {}
[168.291980] (-) TimerEvent: {}
[168.392749] (-) TimerEvent: {}
[168.493586] (-) TimerEvent: {}
[168.594379] (-) TimerEvent: {}
[168.695191] (-) TimerEvent: {}
[168.795943] (-) TimerEvent: {}
[168.896805] (-) TimerEvent: {}
[168.999292] (-) TimerEvent: {}
[169.100039] (-) TimerEvent: {}
[169.200809] (-) TimerEvent: {}
[169.301630] (-) TimerEvent: {}
[169.402425] (-) TimerEvent: {}
[169.503227] (-) TimerEvent: {}
[169.603975] (-) TimerEvent: {}
[169.704751] (-) TimerEvent: {}
[169.805559] (-) TimerEvent: {}
[169.906238] (-) TimerEvent: {}
[170.007113] (-) TimerEvent: {}
[170.108529] (-) TimerEvent: {}
[170.210681] (-) TimerEvent: {}
[170.311776] (-) TimerEvent: {}
[170.412630] (-) TimerEvent: {}
[170.513554] (-) TimerEvent: {}
[170.614677] (-) TimerEvent: {}
[170.716130] (-) TimerEvent: {}
[170.816806] (-) TimerEvent: {}
[170.917641] (-) TimerEvent: {}
[170.983160] (marvelmind_ros2) StdoutLine: {'line': b'[100%] \x1b[32m\x1b[1mLinking CXX executable marvelmind_ros2\x1b[0m\n'}
[171.017871] (-) TimerEvent: {}
[171.118883] (-) TimerEvent: {}
[171.219872] (-) TimerEvent: {}
[171.320739] (-) TimerEvent: {}
[171.421641] (-) TimerEvent: {}
[171.522654] (-) TimerEvent: {}
[171.623623] (-) TimerEvent: {}
[171.724645] (-) TimerEvent: {}
[171.825634] (-) TimerEvent: {}
[171.926718] (-) TimerEvent: {}
[172.027755] (-) TimerEvent: {}
[172.129119] (-) TimerEvent: {}
[172.230382] (-) TimerEvent: {}
[172.331768] (-) TimerEvent: {}
[172.433030] (-) TimerEvent: {}
[172.533955] (-) TimerEvent: {}
[172.634896] (-) TimerEvent: {}
[172.735669] (-) TimerEvent: {}
[172.836541] (-) TimerEvent: {}
[172.937778] (-) TimerEvent: {}
[173.039791] (-) TimerEvent: {}
[173.140685] (-) TimerEvent: {}
[173.242286] (-) TimerEvent: {}
[173.343435] (-) TimerEvent: {}
[173.378419] (marvelmind_ros2) StdoutLine: {'line': b'[100%] Built target marvelmind_ros2\n'}
[173.439177] (marvelmind_ros2) CommandEnded: {'returncode': 0}
[173.441741] (marvelmind_ros2) JobProgress: {'identifier': 'marvelmind_ros2', 'progress': 'install'}
[173.443304] (marvelmind_ros2) Command: {'cmd': ['/usr/bin/cmake', '--install', '/home/hutalia/ROS2_Hutalia/ros2_ws/build/marvelmind_ros2'], 'cwd': '/home/hutalia/ROS2_Hutalia/ros2_ws/build/marvelmind_ros2', 'env': OrderedDict({'LESSOPEN': '| /usr/bin/lesspipe %s', 'USER': 'hutalia', 'SSH_CLIENT': '2a01:cb06:c011:eb78:e589:ea6c:aefc:5bd1 56475 22', 'XDG_SESSION_TYPE': 'tty', 'GIT_ASKPASS': '/home/hutalia/.vscode-server/cli/servers/Stable-8b640eef5a6c6089c029249d48efa5c99adf7d51/server/extensions/git/dist/askpass.sh', 'SHLVL': '1', 'LD_LIBRARY_PATH': '/home/hutalia/ROS2_Hutalia/ros2_ws/install/marvelmind_ros2_msgs/lib:/opt/ros/jazzy/lib/aarch64-linux-gnu:/opt/ros/jazzy/lib', 'BROWSER': '/home/hutalia/.vscode-server/cli/servers/Stable-8b640eef5a6c6089c029249d48efa5c99adf7d51/server/bin/helpers/browser.sh', 'HOME': '/home/hutalia', 'OLDPWD': '/home/hutalia/ROS2_Hutalia/ros2_ws/src', 'TERM_PROGRAM_VERSION': '1.119.0', 'VSCODE_IPC_HOOK_CLI': '/run/user/1000/vscode-ipc-3fd95f3a-8a5c-4a75-9b42-b11f68cb7f34.sock', 'ROS_PYTHON_VERSION': '3', 'VSCODE_GIT_ASKPASS_MAIN': '/home/hutalia/.vscode-server/cli/servers/Stable-8b640eef5a6c6089c029249d48efa5c99adf7d51/server/extensions/git/dist/askpass-main.js', 'VSCODE_GIT_ASKPASS_NODE': '/home/hutalia/.vscode-server/cli/servers/Stable-8b640eef5a6c6089c029249d48efa5c99adf7d51/server/node', 'VSCODE_PYTHON_AUTOACTIVATE_GUARD': '1', 'DBUS_SESSION_BUS_ADDRESS': 'unix:path=/run/user/1000/bus', 'COLORTERM': 'truecolor', 'ROS_DISTRO': 'jazzy', 'LOGNAME': 'hutalia', '_': '/usr/bin/colcon', 'ROS_VERSION': '2', 'XDG_SESSION_CLASS': 'user', 'TERM': 'xterm-256color', 'XDG_SESSION_ID': '17', 'PATH': '/home/hutalia/.vscode-server/data/User/globalStorage/github.copilot-chat/debugCommand:/home/hutalia/.vscode-server/data/User/globalStorage/github.copilot-chat/copilotCli:/home/hutalia/.vscode-server/cli/servers/Stable-8b640eef5a6c6089c029249d48efa5c99adf7d51/server/bin/remote-cli:/home/hutalia/.local/bin:/opt/ros/jazzy/bin:/usr/local/sbin:/usr/local/bin:/usr/sbin:/usr/bin:/sbin:/bin:/usr/games:/usr/local/games:/snap/bin', 'XDG_RUNTIME_DIR': '/run/user/1000', 'LANG': 'C.UTF-8', 'LS_COLORS': 'rs=0:di=01;34:ln=01;36:mh=00:pi=40;33:so=01;35:do=01;35:bd=40;33;01:cd=40;33;01:or=40;31;01:mi=00:su=37;41:sg=30;43:ca=00:tw=30;42:ow=34;42:st=37;44:ex=01;32:*.tar=01;31:*.tgz=01;31:*.arc=01;31:*.arj=01;31:*.taz=01;31:*.lha=01;31:*.lz4=01;31:*.lzh=01;31:*.lzma=01;31:*.tlz=01;31:*.txz=01;31:*.tzo=01;31:*.t7z=01;31:*.zip=01;31:*.z=01;31:*.dz=01;31:*.gz=01;31:*.lrz=01;31:*.lz=01;31:*.lzo=01;31:*.xz=01;31:*.zst=01;31:*.tzst=01;31:*.bz2=01;31:*.bz=01;31:*.tbz=01;31:*.tbz2=01;31:*.tz=01;31:*.deb=01;31:*.rpm=01;31:*.jar=01;31:*.war=01;31:*.ear=01;31:*.sar=01;31:*.rar=01;31:*.alz=01;31:*.ace=01;31:*.zoo=01;31:*.cpio=01;31:*.7z=01;31:*.rz=01;31:*.cab=01;31:*.wim=01;31:*.swm=01;31:*.dwm=01;31:*.esd=01;31:*.avif=01;35:*.jpg=01;35:*.jpeg=01;35:*.mjpg=01;35:*.mjpeg=01;35:*.gif=01;35:*.bmp=01;35:*.pbm=01;35:*.pgm=01;35:*.ppm=01;35:*.tga=01;35:*.xbm=01;35:*.xpm=01;35:*.tif=01;35:*.tiff=01;35:*.png=01;35:*.svg=01;35:*.svgz=01;35:*.mng=01;35:*.pcx=01;35:*.mov=01;35:*.mpg=01;35:*.mpeg=01;35:*.m2v=01;35:*.mkv=01;35:*.webm=01;35:*.webp=01;35:*.ogm=01;35:*.mp4=01;35:*.m4v=01;35:*.mp4v=01;35:*.vob=01;35:*.qt=01;35:*.nuv=01;35:*.wmv=01;35:*.asf=01;35:*.rm=01;35:*.rmvb=01;35:*.flc=01;35:*.avi=01;35:*.fli=01;35:*.flv=01;35:*.gl=01;35:*.dl=01;35:*.xcf=01;35:*.xwd=01;35:*.yuv=01;35:*.cgm=01;35:*.emf=01;35:*.ogv=01;35:*.ogx=01;35:*.aac=00;36:*.au=00;36:*.flac=00;36:*.m4a=00;36:*.mid=00;36:*.midi=00;36:*.mka=00;36:*.mp3=00;36:*.mpc=00;36:*.ogg=00;36:*.ra=00;36:*.wav=00;36:*.oga=00;36:*.opus=00;36:*.spx=00;36:*.xspf=00;36:*~=00;90:*#=00;90:*.bak=00;90:*.crdownload=00;90:*.dpkg-dist=00;90:*.dpkg-new=00;90:*.dpkg-old=00;90:*.dpkg-tmp=00;90:*.old=00;90:*.orig=00;90:*.part=00;90:*.rej=00;90:*.rpmnew=00;90:*.rpmorig=00;90:*.rpmsave=00;90:*.swp=00;90:*.tmp=00;90:*.ucf-dist=00;90:*.ucf-new=00;90:*.ucf-old=00;90:', 'VSCODE_GIT_IPC_HANDLE': '/run/user/1000/vscode-git-539e04a5ba.sock', 'TERM_PROGRAM': 'vscode', 'AMENT_PREFIX_PATH': '/home/hutalia/ROS2_Hutalia/ros2_ws/install/marvelmind_ros2_msgs:/opt/ros/jazzy', 'SHELL': '/bin/bash', 'LESSCLOSE': '/usr/bin/lesspipe %s %s', 'ROS_AUTOMATIC_DISCOVERY_RANGE': 'SUBNET', 'VSCODE_GIT_ASKPASS_EXTRA_ARGS': '', 'PWD': '/home/hutalia/ROS2_Hutalia/ros2_ws/build/marvelmind_ros2', 'SSH_CONNECTION': '2a01:cb06:c011:eb78:e589:ea6c:aefc:5bd1 56475 2a01:cb06:c011:eb78:da3a:ddff:fe16:54b3 22', 'XDG_DATA_DIRS': '/usr/local/share:/usr/share:/var/lib/snapd/desktop', 'PYTHONPATH': '/home/hutalia/ROS2_Hutalia/ros2_ws/install/marvelmind_ros2_msgs/lib/python3.12/site-packages:/opt/ros/jazzy/lib/python3.12/site-packages', 'COLCON': '1', 'CMAKE_PREFIX_PATH': '/home/hutalia/ROS2_Hutalia/ros2_ws/install/marvelmind_ros2_msgs:/opt/ros/jazzy'}), 'shell': False}
[173.448770] (-) TimerEvent: {}
[173.487275] (marvelmind_ros2) StdoutLine: {'line': b'-- Install configuration: ""\n'}
[173.489425] (marvelmind_ros2) StdoutLine: {'line': b'-- Execute custom install script\n'}
[173.491833] (marvelmind_ros2) StdoutLine: {'line': b'-- Symlinking: /home/hutalia/ROS2_Hutalia/ros2_ws/install/marvelmind_ros2/lib/marvelmind_ros2/marvelmind_ros2\n'}
[173.540991] (marvelmind_ros2) StdoutLine: {'line': b'-- Symlinking: /home/hutalia/ROS2_Hutalia/ros2_ws/install/marvelmind_ros2/lib/marvelmind_ros2/marvelmind_api_ros2\n'}
[173.549006] (-) TimerEvent: {}
[173.596997] (marvelmind_ros2) StdoutLine: {'line': b'-- Symlinking: /home/hutalia/ROS2_Hutalia/ros2_ws/install/marvelmind_ros2/share/marvelmind_ros2/config/marvelmind_ros2_config.yaml\n'}
[173.649097] (marvelmind_ros2) StdoutLine: {'line': b'-- Symlinking: /home/hutalia/ROS2_Hutalia/ros2_ws/install/marvelmind_ros2/share/marvelmind_ros2/launch/marvelmind_api_ros2.launch.py\n'}
[173.649948] (-) TimerEvent: {}
[173.697030] (marvelmind_ros2) StdoutLine: {'line': b'-- Symlinking: /home/hutalia/ROS2_Hutalia/ros2_ws/install/marvelmind_ros2/share/marvelmind_ros2/launch/marvelmind_ros2.launch.py\n'}
[173.750721] (-) TimerEvent: {}
[173.771545] (marvelmind_ros2) StdoutLine: {'line': b'-- Symlinking: /home/hutalia/ROS2_Hutalia/ros2_ws/install/marvelmind_ros2/share/ament_index/resource_index/package_run_dependencies/marvelmind_ros2\n'}
[173.845495] (marvelmind_ros2) StdoutLine: {'line': b'-- Symlinking: /home/hutalia/ROS2_Hutalia/ros2_ws/install/marvelmind_ros2/share/ament_index/resource_index/parent_prefix_path/marvelmind_ros2\n'}
[173.852771] (-) TimerEvent: {}
[173.913311] (marvelmind_ros2) StdoutLine: {'line': b'-- Symlinking: /home/hutalia/ROS2_Hutalia/ros2_ws/install/marvelmind_ros2/share/marvelmind_ros2/environment/ament_prefix_path.sh\n'}
[173.953117] (-) TimerEvent: {}
[173.957147] (marvelmind_ros2) StdoutLine: {'line': b'-- Symlinking: /home/hutalia/ROS2_Hutalia/ros2_ws/install/marvelmind_ros2/share/marvelmind_ros2/environment/ament_prefix_path.dsv\n'}
[174.003260] (marvelmind_ros2) StdoutLine: {'line': b'-- Symlinking: /home/hutalia/ROS2_Hutalia/ros2_ws/install/marvelmind_ros2/share/marvelmind_ros2/environment/path.sh\n'}
[174.049232] (marvelmind_ros2) StdoutLine: {'line': b'-- Symlinking: /home/hutalia/ROS2_Hutalia/ros2_ws/install/marvelmind_ros2/share/marvelmind_ros2/environment/path.dsv\n'}
[174.053200] (-) TimerEvent: {}
[174.093977] (marvelmind_ros2) StdoutLine: {'line': b'-- Symlinking: /home/hutalia/ROS2_Hutalia/ros2_ws/install/marvelmind_ros2/share/marvelmind_ros2/local_setup.bash\n'}
[174.139915] (marvelmind_ros2) StdoutLine: {'line': b'-- Symlinking: /home/hutalia/ROS2_Hutalia/ros2_ws/install/marvelmind_ros2/share/marvelmind_ros2/local_setup.sh\n'}
[174.153407] (-) TimerEvent: {}
[174.186411] (marvelmind_ros2) StdoutLine: {'line': b'-- Symlinking: /home/hutalia/ROS2_Hutalia/ros2_ws/install/marvelmind_ros2/share/marvelmind_ros2/local_setup.zsh\n'}
[174.231407] (marvelmind_ros2) StdoutLine: {'line': b'-- Symlinking: /home/hutalia/ROS2_Hutalia/ros2_ws/install/marvelmind_ros2/share/marvelmind_ros2/local_setup.dsv\n'}
[174.253593] (-) TimerEvent: {}
[174.278748] (marvelmind_ros2) StdoutLine: {'line': b'-- Symlinking: /home/hutalia/ROS2_Hutalia/ros2_ws/install/marvelmind_ros2/share/marvelmind_ros2/package.dsv\n'}
[174.324140] (marvelmind_ros2) StdoutLine: {'line': b'-- Symlinking: /home/hutalia/ROS2_Hutalia/ros2_ws/install/marvelmind_ros2/share/ament_index/resource_index/packages/marvelmind_ros2\n'}
[174.353861] (-) TimerEvent: {}
[174.371325] (marvelmind_ros2) StdoutLine: {'line': b'-- Symlinking: /home/hutalia/ROS2_Hutalia/ros2_ws/install/marvelmind_ros2/share/marvelmind_ros2/cmake/marvelmind_ros2Config.cmake\n'}
[174.417192] (marvelmind_ros2) StdoutLine: {'line': b'-- Symlinking: /home/hutalia/ROS2_Hutalia/ros2_ws/install/marvelmind_ros2/share/marvelmind_ros2/cmake/marvelmind_ros2Config-version.cmake\n'}
[174.454126] (-) TimerEvent: {}
[174.464908] (marvelmind_ros2) StdoutLine: {'line': b'-- Symlinking: /home/hutalia/ROS2_Hutalia/ros2_ws/install/marvelmind_ros2/share/marvelmind_ros2/package.xml\n'}
[174.516685] (marvelmind_ros2) CommandEnded: {'returncode': 0}
[174.554706] (-) TimerEvent: {}
[174.578291] (marvelmind_ros2) JobEnded: {'identifier': 'marvelmind_ros2', 'rc': 0}
[174.582644] (-) EventReactorShutdown: {}
